Workbook

Sheet Th. Lulus 2016
G1: A | P1: B | U1: C | W1: D | Y1: E | AA1: F | AD1: G | AF1: H | AJ1: I.a | AO1: I.b | AS1: J | AW1: K1 | BC1: L1
B2: th lulus | C2: Program Pendidikan | D2: Prodi | E2: Nim | F2: Nama Alumni | G2: A1 | H2: A2 | I2: A3 | J2: A4 | K2: A5 | L2: A6 | M2: A7 | N2: A8 | O2: A9 Bulan | P2: B1 | Q2: B2 | R2: B3 | S2: B4 | T2: B5 | U2: C1 | V2: C2 | W2: D1 | X2: D2 | Y2: E1 | Z2: E2 | AA2: F1 | AB2: F2 | AC2: F3 | AD2: G1 | AE2: G2 | AF2: H1 | AG2: H2 | AH2: H3 | AI2: H4 | AJ2: I. a1 | AK2: I. a2 | AL2: I. a3 | AM2: I. a4 | AN2: I. a5 | AO2: I. b1 | AP2: I. b2 | AQ2: I. b3 | AR2: I. b4 | AS2: J1 | AT2: J2 | AU2: J3 | AV2: J4 | AW2: K1 | AX2: K2 | AY2: K3 | AZ2: K4 | BA2: K5 | BB2: K6 | BC2: L1 | BD2: L2 | BE2: L3
B3: 2016 | C3: Diploma Tiga | D3: D3 Administrasi Perkantoran | E3: 13390150004 | F3: Adhaji Vidananto | G3: Janu Bagus Girianto | H3: 081335601085 | I3: Janu.Bagus@aplog.com | J3: PT. Angkasa Pura Logiskik | K3: Area Terminal Kargo Bandara Udara Juanda | L3: 031-8683342 | M3: Logistik | N3: 1 | O3: 1 | P3: SB | Q3: B | R3: B | S3: B | T3: SB | U3: K | V3: SB | W3: B | X3: B | Y3: B | Z3: B | AA3: SB | AB3: SB | AC3: SB | AD3: SB | AE3: B | AF3: B | AG3: B | AH3: SB | AI3: SB | AJ3: B | AK3: K | AL3: SB | AM3: B | AN3: SB | AO3: B | AP3: SB | AQ3: B | AR3: B | AS3: Perlu | AU3: Ya | AW3: Tidak | AX3: Tidak | AY3: Tidak | AZ3: Ya | BA3: Tidak | BC3: SB
B4: 2016 | C4: Diploma Tiga | D4: D3 Administrasi Perkantoran | E4: 12390150001 | F4: Niken Revalasha | G4: Fauzan | H4: - | I4: - | J4: Angkasa Pura Support Cabang Surabaya | K4: - | L4: - | M4: Pelayanan customer | N4: 5 | O4: 60 | P4: SB | Q4: SB | R4: SB | S4: SB | T4: SB | U4: B | V4: SB | W4: SB | X4: SB | Y4: B | Z4: SB | AA4: SB | AB4: SB | AC4: SB | AD4: SB | AE4: SB | AF4: SB | AG4: SB | AH4: B | AI4: SB | AJ4: SB | AK4: SB | AL4: SB | AM4: SB | AN4: SB | AO4: SB | AP4: B | AQ4: SB | AR4: SB | AS4: Tidak Perlu | AT4: - | AU4: Tidak | AV4: - | AW4: Ya | AX4: Ya | AY4: Tidak | AZ4: Tidak | BA4: Ya | BB4: - | BC4: SB | BD4: Penggunaan TI, Pengembangan Diri | BE4: -
B5: 2016 | C5: Diploma Tiga | D5: D3 Sistem Informasi | E5: 12390100006 | F5: Chumsoni Dwi Abdul Ghofur | G5: Rudy Prastowo | H5: 08123008965 | I5: rudyprastowo40@gmail.com | J5: PT Golden Ocean Line | K5: Jl. Indrapura 29-33 Surabaya | L5: 313579374 | M5: Jasa Angkutan Laut | N5: 1 | O5: 12 | P5: B | Q5: B | R5: B | S5: B | T5: SB | U5: B | V5: B | W5: K | X5: K | Y5: B | Z5: B | AA5: B | AB5: B | AC5: B | AD5: B | AE5: B | AF5: B | AG5: B | AH5: B | AI5: B | AJ5: B | AK5: B | AL5: B | AM5: B | AN5: B | AO5: B | AP5: B | AQ5: B | AR5: B | AS5: Perlu | AT5: Intensipkan Bahasa Inggris | AU5: Ya | AV5: Sytem dan Program Diperlukan | AW5: Tidak | AX5: Tidak | AY5: Ya | AZ5: Tidak | BA5: Tidak | BC5: B | BD5: Bahasa Inggris, Pengembangan diri | BE5: Mahir mengoperasikan sistem komputer dan menguasai bahasa inggris untuk komunikasi dengan luar negeri
B6: 2016 | C6: Diploma Tiga | D6: D3 Sistem Informasi | E6: 13390100011 | F6: Nur Mawartiningsih | G6: - | H6: - | I6: - | J6: PT. Dua Kelinci | K6: Jl. HR Muhammad No.24, (New Land Office) | L6: - | M6: Perdagangan / Bisnis | N6: 1 | O6: 12 | P6: B | Q6: B | R6: B | S6: B | T6: SB | U6: B | V6: B | W6: K | X6: K | Y6: SB | Z6: SB | AA6: SB | AB6: SB | AC6: SB | AD6: SB | AE6: SB | AF6: B | AG6: B | AH6: B | AI6: B | AJ6: B | AK6: B | AL6: B | AM6: B | AN6: B | AO6: SB | AP6: SB | AQ6: SB | AR6: SB | AS6: Perlu | AT6: - | AU6: Ya | AV6: - | AW6: Tidak | AX6: Tidak | AY6: Tidak | AZ6: Tidak | BA6: Tidak | BB6: - | BC6: B | BD6: - | BE6: -
B7: 2016 | C7: Diploma Tiga | D7: D3 Sistem Informasi | E7: 13390100013 | F7: Dian Arif Rachman | G7: Cristoforus H Alcadi | I7: krist.ha@staff.ubaya.ac.id | J7: Universitas Surabaya | K7: Raya Kalirungkut | L7: 2981040 | M7: Pendidikan | N7: 4 | O7: 60 | P7: SB | Q7: SB | R7: B | S7: B | T7: B | U7: SB | V7: SB | W7: B | X7: B | Y7: SB | Z7: SB | AA7: SB | AB7: SB | AC7: SB | AD7: SB | AE7: SB | AF7: SB | AG7: SB | AH7: SB | AI7: SB | AJ7: SB | AK7: SB | AL7: SB | AM7: SB | AN7: SB | AO7: SB | AP7: SB | AQ7: SB | AR7: SB | AS7: Perlu | AT7: Materi tentang komunikasi, kepemimpinan dan softskill lainnya | AU7: Ya | AV7: Lulusan yang siap terjun dalam pengembangan teknologi informasi terapan | AW7: Ya | AX7: Tidak | AY7: Ya | AZ7: Tidak | BA7: Tidak | BB7: Saat ini belum ada | BC7: B | BD7: Bahasa Inggris, Komunikasi, pengembangan diri, kepemimpinan, memeahami apa yang haarus dilakuakan dalam pekerjaan | BE7: Jujur, integritas, skill teknis IT yang memadai (tinggi), bekerjasama dengan tim, pemahaman proses bisnis organisasi / perusahaan yang tinggi, keluwesan dalam penyesuaian diridengan dinamika organisasi
B8: 2016 | C8: Diploma Tiga | D8: D3 Sistem Informasi | E8: 13390100021 | F8: Fajar Riska Daniakso | G8: Tri Septa | H8: 0817337274 | J8: Dinas Perpustakaan dan Kearsipan | K8: Gedung Siola Lt. 4 | M8: Instansi pemerintahan | N8: 1 | O8: 12 | P8: B | Q8: SB | R8: B | S8: SB | T8: SB | U8: B | V8: B | W8: B | X8: B | Y8: SB | Z8: B | AA8: SB | AB8: B | AC8: B | AD8: B | AE8: B | AF8: SB | AG8: B | AH8: SB | AI8: B | AJ8: B | AK8: SB | AL8: B | AM8: B | AN8: B | AO8: B | AP8: B | AQ8: B | AR8: B | AS8: Perlu | AU8: Ya | AW8: Tidak | AX8: Tidak | AY8: Tidak | AZ8: Ya | BA8: Tidak | BC8: B | BD8: Bahasa Inggris | BE8: Dapat Membantu dalam hal pengembangan ataupun pembuatan sistem aplikasi khususnya di bidang kearsiapan dan perpustakaan
B9: 2016 | C9: Diploma Empat/ Sarjana Terapan | D9: D4 Produksi Film dan Televisi | E9: 12510160042 | F9: Akbar Jefri Duardi | G9: Siti Fatimah, S.Pd | H9: 081330948050 | I9: - | J9: SMKN 1 Trowulan | K9: Jl. Mawar 1 Kec. Trowulan | L9: (0321) 4890348 | M9: Pendidikan | N9: 2 | O9: 4 | P9: SB | Q9: SB | R9: SB | S9: SB | T9: SB | U9: B | V9: B | W9: B | X9: B | Y9: SB | Z9: SB | AA9: SB | AB9: SB | AC9: SB | AD9: B | AE9: SB | AF9: B | AG9: B | AH9: SB | AI9: B | AJ9: SB | AK9: SB | AL9: B | AM9: B | AN9: B | AO9: SB | AP9: SB | AQ9: B | AR9: SB | AS9: Perlu | AT9: Keterampilan Mengajar / Menyampaikan Materi | AU9: Ya | AV9: Masih kekurangan Tenaga TI | AW9: Ya | AX9: Ya | AY9: Ya | AZ9: Ya | BA9: Tidak | BB9: Penyerapan Tenaga Kerja Kompetensi TI | BC9: SB | BD9: Bahasa Inggris, Pengembangan diri | BE9: Lulusan Yg berkompetensi dan siap diberikan tugas apapun karena kompetensi TI yang memiliki ruang cukup luas
B10: 2016 | C10: Sarjana | D10: S1 Desain Komunikasi Visual | E10: 12420100008 | F10: Moch. Romawan Pradhikta Satriyadi | G10: Moch Romawan Pradhikta S | H10: 081334454059 | I10: m.romawan.p.s@gmail.com | J10: PT. Rejoso Manis Indo | K10: Betek, Rejoso, Binanungn, Blitar | L10: - | M10: Industri Pabrik Gul | N10: 1 | O10: 12 | P10: B | Q10: B | R10: B | S10: B | T10: B | U10: B | V10: B | W10: B | X10: B | Y10: B | Z10: B | AA10: B | AB10: B | AC10: B | AD10: B | AE10: B | AF10: B | AG10: B | AH10: B | AI10: B | AJ10: B | AK10: B | AL10: B | AM10: B | AN10: B | AO10: B | AP10: B | AQ10: B | AR10: B | AS10: Tidak perlu | AT10: - | AU10: Ya | AV10: Dunia Digital (internet) | AW10: Tidak | AX10: Tidak | AY10: - | AZ10: Ya | BA10: Tidak | BB10: Saat ini belum | BC10: B | BD10: Bahasa Inggris | BE10: Bagian IT Desain maupun yang berurusan dengan internet
B11: 2016 | C11: Sarjana | D11: S1 Desain Komunikasi Visual | E11: 12420100016 | F11: Uzda Nabila Shabiriani | G11: Putri Lestari | H11: 081932541992 | I11: putrikyl@gmail.com | J11: Cv. Laju Laksana Lestari | K11: Jl. Belawan No 16A, Jakarta 10150 | L11: 021-3513650 | M11: Perdagangan / Bisnis | N11: 1 | O11: 6 | P11: B | Q11: B | R11: B | S11: B | T11: B | U11: B | V11: B | W11: B | X11: B | Y11: B | Z11: B | AA11: B | AB11: B | AC11: B | AD11: B | AE11: B | AF11: B | AG11: B | AH11: B | AI11: B | AJ11: B | AK11: B | AL11: B | AM11: B | AN11: B | AO11: K | AP11: B | AQ11: B | AR11: B | AS11: Tidak perlu | AU11: Ya | AW11: Tidak | AX11: Tidak | AY11: Tidak | AZ11: Ya | BA11: Tidak | BB11: - | BC11: B | BD11: Komunikasi, Pengembangan Diri | BE11: - Lebih banyak expose e dunia kerja - Lebih profesional
B12: 2016 | C12: Sarjana | D12: S1 Desain Komunikasi Visual | E12: 12420100049 | F12: Juke Andiya Fidiyanti | G12: andiya F | H12: 82257650673 | I12: jukealan712@yahoo.co.id | J12: Wiraswasta | K12: - | L12: - | M12: - | N12: - | O12: 12 | P12: K | Q12: B | R12: K | S12: SB | T12: B | U12: B | V12: B | W12: SK | X12: SK | Y12: K | Z12: SK | AA12: K | AB12: B | AC12: K | AD12: B | AE12: SK | AF12: B | AG12: SK | AH12: B | AI12: K | AJ12: B | AK12: B | AL12: B | AM12: K | AN12: K | AO12: K | AP12: B | AQ12: K | AR12: K | AS12: Tidak Perlu | AT12: - | AU12: Tidak | AV12: - | AW12: Tidak | AX12: Tidak | AY12: Tidak | AZ12: Tidak | BA12: Tidak | BB12: - | BC12: B | BD12: Keahlian Berdasarkan Bidang Ilmu | BE12: -
B13: 2016 | C13: Sarjana | D13: S1 Desain Komunikasi Visual | E13: 12420100062 | F13: Muhammad Nur Fithriyadi | G13: Muklib | H13: 08113003383 | I13: bca.travel@gmail.com | J13: PT. Barokah Cahaya Arafah | K13: Jl. Romokalisari Surabaya | L13: 031 - 3971728 | M13: Jasa Umroh | N13: 7 | O13: 4 | P13: B | Q13: B | R13: B | S13: B | T13: B | U13: B | V13: B | W13: K | X13: K | Y13: B | Z13: K | AA13: B | AB13: B | AC13: B | AD13: B | AE13: K | AF13: K | AG13: K | AH13: K | AI13: K | AJ13: K | AK13: K | AL13: B | AM13: K | AN13: K | AO13: K | AP13: K | AQ13: K | AR13: K | AS13: Perlu | AT13: - | AU13: Ya | AV13: - | AW13: Ya | AX13: Tidak | AY13: Ya | AZ13: Ya | BA13: Ya | BB13: It dan Marketing | BC13: B | BD13: Komunikasi, Pengembangan Diri | BE13: Mampu dengan cara sendiri menyiapkan kebutuan pimpinan / perusahaan
B14: 2016 | C14: Sarjana | D14: S1 Desain Komunikasi Visual | E14: 12420100068 | F14: Mira Shabrina | G14: Shierly Iwanto | H14: 082132500880 | I14: Shierlyi@getcommerce.co.id | J14: PT. Global Indo Inovatif | K14: Ngagel Jaya Selatan 15g | L14: 031- 99444949 | M14: Jasa, Pengoperasian AKun Online | N14: 1 | O14: 6 | P14: B | Q14: SB | R14: B | S14: SB | T14: B | U14: B | V14: B | W14: B | X14: SB | Y14: SB | Z14: SB | AA14: SB | AB14: B | AC14: B | AD14: B | AE14: K | AF14: B | AG14: B | AH14: B | AI14: K | AJ14: B | AK14: K | AL14: B | AM14: SB | AN14: K | AO14: B | AP14: B | AQ14: K | AR14: B | AS14: Tidak Perlu | AT14: - | AU14: Ya | AV14: - | AW14: Ya | AX14: Tidak | AY14: Ya | AZ14: Ya | BA14: Tidak | BB14: - | BC14: B | BD14: Pengembangan Diri | BE14: Memahami setiap bidang / imlu dari semua mawa kuliah yang dijalani
B15: 2016 | C15: Sarjana | D15: S1 Desain Komunikasi Visual | E15: 12420100075 | F15: Ibadurrokhman | G15: Ibad | H15: 08213943001 | I15: irn031@yahoo.com | J15: rudabi | K15: Dukuh setro 10/54 | L15: 082139430011 | M15: Jasa, 3D Visualisasi / Desain | N15: 1 | O15: 12 | P15: B | Q15: B | R15: B | S15: B | T15: B | U15: SB | V15: SB | W15: K | X15: K | Y15: SB | Z15: SB | AA15: B | AB15: B | AC15: B | AD15: B | AE15: B | AF15: B | AG15: SB | AH15: SB | AI15: SB | AJ15: B | AK15: B | AL15: SB | AM15: B | AN15: B | AO15: K | AP15: SB | AQ15: B | AR15: B | AS15: Tidak perlu | AU15: Tidak | AW15: Tidak | AX15: Tidak | AY15: Ya | AZ15: Ya | BA15: Tidak | BB15: - | BC15: B | BD15: - | BE15: -
B16: 2016 | C16: Sarjana | D16: S1 Sistem Informasi | E16: 8410100375 | F16: Purwanto | G16: Erny Indah Trimastuti Mpd | H16: 08121679621 | I16: - | J16: SMK Antartika 2 Sidoarjo | K16: Jl. Siwalan Panji, Buduran Sidoarjo | L16: (031) 8065117 | M16: Pendidikan | N16: 1 | O16: 12 | P16: B | Q16: SB | R16: B | S16: SB | T16: SB | U16: SB | V16: SB | W16: K | X16: K | Y16: SB | Z16: SB | AA16: B | AB16: B | AC16: B | AD16: B | AE16: B | AF16: B | AG16: B | AH16: B | AI16: B | AJ16: B | AK16: B | AL16: B | AM16: B | AN16: B | AO16: B | AP16: SB | AQ16: SB | AR16: B | AS16: Perlu | AT16: Tambah ilmu kuliah yang berhubungan dengan ilmu kependidikan | AU16: Ya | AV16: - | AW16: Ya | AX16: Ya | AY16: Ya | AZ16: Ya | BA16: Tidak | BB16: Bidang Teknologi Informasi | BC16: B | BD16: Bahasa Inggris, Pengembangan Diri
B17: 2016 | C17: Sarjana | D17: S1 Sistem Informasi | E17: 8410100454 | F17: Riyadi Atmajaya | G17: Dana Badrie | H17: 081938588920 | I17: dana@boga-jatim.id | J17: PT. Boga makmur abadi | K17: Jl. Raya Satelit Indah AN-10 | L17: - | M17: Jasa Restaurant | N17: 1 | O17: 24 | P17: B | Q17: SB | R17: B | S17: B | T17: B | U17: SB | V17: B | W17: B | X17: B | Y17: B | Z17: B | AA17: SB | AB17: B | AC17: B | AD17: SB | AE17: B | AF17: B | AG17: B | AH17: SB | AI17: SB | AJ17: B | AK17: B | AL17: B | AM17: B | AN17: SB | AO17: B | AP17: B | AQ17: B | AR17: B | AS17: - | AT17: - | AU17: - | AV17: - | AW17: Tidak | AX17: Tidak | AY17: Ya | AZ17: Tidak | BA17: Tidak | BB17: - | BC17: B | BD17: Penggunaan TI, Komunikasi, Kerjasama Tim, Pengembangan Diri | BE17: -
B18: 2016 | C18: Sarjana | D18: S1 Sistem Informasi | E18: 8410100471 | F18: Yuli Setiyo Suryo Andari | G18: Yuvita | H18: 08113527122 | I18: Yuvita@stikom.edu | J18: Institut Bisnis dan Informatika Stikom Surabaya | K18: Jl. Raya Kedung Baruk no 98 Sby | L18: 031-8721731 | M18: Pendidikan | N18: 1 | O18: 204 | P18: B | Q18: B | R18: B | S18: SB | T18: SB | U18: B | V18: B | W18: K | X18: K | Y18: SB | Z18: SB | AA18: SB | AB18: SB | AC18: B | AD18: B | AE18: B | AF18: B | AG18: B | AH18: B | AI18: B | AJ18: B | AK18: B | AL18: B | AM18: B | AN18: B | AO18: B | AP18: B | AQ18: B | AR18: B | AS18: Perlu | AT18: - | AU18: Ya | AV18: - | AW18: Tidak | AX18: Ya | AY18: Ya | AZ18: Ya | BA18: Ya | BB18: Keuangan | BC18: B | BD18: Bahasa Inggris, Akutansi & Perpajakan & Perbankan | BE18: Yang mengerti tentang akuntansi, perpajakan dan perbankan
B19: 2016 | C19: Sarjana | D19: S1 Sistem Informasi | E19: 9410100018 | F19: Oktavianus Eko Pambudi Adinugroho | G19: Fanino Raynardo, ST,. MMT. | H19: 085102530303 | I19: Fanino@rkzsby.com | J19: RS Katholik St. Vincentius | K19: Jl. Diponegoro 51 | L19: (031_ 5677562 | M19: Kesehatan (Rumah Sakit) | N19: 2 | O19: 24 | P19: SB | Q19: SB | R19: SB | S19: SB | T19: SB | U19: SB | V19: SB | W19: B | X19: B | Y19: SB | Z19: SB | AA19: SB | AB19: SB | AC19: SB | AD19: SB | AE19: SB | AF19: SB | AG19: SB | AH19: SB | AI19: SB | AJ19: SB | AK19: SB | AL19: SB | AM19: SB | AN19: SB | AO19: B | AP19: B | AQ19: B | AR19: SB | AS19: Perlu | AT19: Mobile App developer | AU19: Ya | AV19: Mobile App & Networking | AW19: Ya | AX19: Ya | AY19: Ya | AZ19: Ya | BA19: - | BB19: - | BC19: B | BD19: Komunikasi, Kerjasama Tim, Pengembangan Diri, Skill Networking dan Mobile App | BE19: -
B20: 2016 | C20: Sarjana | D20: S1 Sistem Informasi | E20: 9410100060 | F20: Arif Rahman | G20: Arif Rahman (wirausaha) | H20: 087851233686 | I20: Arifinspire7@gmail.com | J20: CV. Cipta Karya Pratama | K20: Bendul Merisi Utara No 22 Surabaya | L20: 031-8433430 | M20: Percetakan | N20: 1 | O20: 24 | P20: B | Q20: B | R20: SB | S20: B | T20: B | U20: K | V20: B | W20: B | X20: B | Y20: B | Z20: B | AA20: B | AB20: B | AC20: B | AD20: B | AE20: B | AF20: K | AG20: B | AH20: B | AI20: SB | AJ20: B | AK20: K | AL20: B | AM20: B | AN20: B | AO20: B | AP20: B | AQ20: K | AR20: B | AS20: Perlu | AT20: Sofsskill | AU20: Ya | AV20: TI Dibutuhkan untuk beberapa aspek, selain untuk proses produksi, juga diperlukan dalam customer relationship, dsb | AW20: Ya | AX20: Ya | AY20: Ya | AZ20: Ya | BA20: Ya | BB20: - | BC20: B | BD20: Keahlian berdasarkan bidang ilmu, Bahasa inggris | BE20: Yang dibutuhkan adalah yang mampu berpikir kedepan untuk menciptakan inovasi dan kreasi baru untuk menunjang kegiatan bisnis, selain itu, yang paling utama adalah softskill, Sehingga mampu bertahan dan berkembang di dunia kerja / bisnis
B21: 2016 | C21: Sarjana | D21: S1 Sistem Informasi | E21: 9410100154 | F21: Helko Prasetiyo | G21: Dina Wahyuningsari | H21: 082141560349 | I21: Dinajt90@gmail.com | J21: PT. Bank Mandiri (persero) Tbk | K21: Jl. Ahmad yani no 16-18 Mall Royal Plaza | L21: - | M21: Perbankan | N21: 5 | O21: 12 | P21: SB | Q21: SB | R21: SB | S21: SB | T21: SB | U21: B | V21: SB | W21: B | X21: B | Y21: SB | Z21: SB | AA21: SB | AB21: B | AC21: SB | AD21: SB | AE21: SB | AF21: SB | AG21: B | AH21: SB | AI21: SB | AJ21: SB | AK21: SB | AL21: SB | AM21: SB | AN21: SB | AO21: SB | AP21: SB | AQ21: SB | AR21: SB | AS21: Perlu | AU21: Ya | AW21: Ya | AX21: Tidak | AY21: Tidak | AZ21: Ya | BA21: Tidak | BC21: SB | BD21: Bahasa Inggris, Komunikasi, Pengembangan Diri | BE21: Yang bisa bekerja teamwork yang B, Memiliki etos kerja yang B, memiliki etika kerja dalam organisasi yang B, kopmunikatif dan aktif, mencapai target yang telah di tetapkan
B22: 2016 | C22: Sarjana | D22: S1 Sistem Informasi | E22: 9410100170 | F22: M. Septian Maulana | G22: Meinarni | H22: - | I22: meinarni@telkomsel.co.id | J22: Telkomsel | K22: Jl. A Yani Km 57 | L22: 0511-4229907 | M22: Lain - Lain, Telekomunikasi | N22: 1 | O22: 12 | P22: B | Q22: B | R22: B | S22: B | T22: B | U22: SB | V22: B | W22: K | X22: K | Y22: B | Z22: B | AA22: B | AB22: B | AC22: B | AD22: B | AE22: B | AF22: B | AG22: B | AH22: B | AI22: SB | AJ22: SB | AK22: B | AL22: SB | AM22: B | AN22: B | AO22: B | AP22: B | AQ22: B | AR22: B | AS22: Tidak Perlu | AT22: - | AU22: Ya | AV22: Sudah | AW22: Ya | AX22: Ya | AY22: Ya | AZ22: Ya | BA22: Tidak | BB22: Share Knowledge | BC22: SB | BD22: Bahasa Inggris | BE22: -
B23: 2016 | C23: Sarjana | D23: S1 Sistem Informasi | E23: 9410100195 | F23: Yudiyanto Salay | G23: Hernawati | H23: 0813328411841 | I23: - | J23: UD Erlangga | K23: Mojoarum u1/15 | L23: 031-5942769 | M23: Perdagangan / Bisnis | N23: 1 | O23: 60 | P23: SB | Q23: SB | R23: B | S23: SB | T23: SB | U23: B | V23: SB | W23: SB | X23: SB | Y23: SB | Z23: SB | AA23: B | AB23: B | AC23: SB | AD23: B | AE23: B | AF23: B | AG23: B | AH23: B | AI23: SB | AJ23: SB | AK23: B | AL23: B | AM23: SB | AN23: SB | AO23: SB | AP23: B | AQ23: B | AR23: B | AS23: Tidak Perlu | AT23: - | AU23: Ya | AV23: Karena Mengikuti Perkembangan Zaman | AW23: Tidak | AX23: Tidak | AY23: Tidak | AZ23: Tidak | BA23: Tidak | BC23: SB | BD23: Keahlian Berdasarkan Bidang Ilmu | BE23: -
B24: 2016 | C24: Sarjana | D24: S1 Sistem Informasi | E24: 9410100235 | F24: Hilmy Nur Ramdhani | G24: Rukmantono Dimas Nughroho | H24: 081330300720 | I24: dimas@agatos.com | J24: PT. Agatos Multi Solusi | K24: Ruko Rungkut Megah Raya A-32 Sby | L24: 031-8714143 | M24: Jasa, Information & Control Solution Provider | N24: 9 | O24: 24 | P24: SB | Q24: SB | R24: SB | S24: SB | T24: SB | U24: B | V24: SB | W24: SB | X24: SB | Y24: SB | Z24: SB | AA24: SB | AB24: SB | AC24: SB | AD24: SB | AE24: SB | AF24: SB | AG24: SB | AH24: SB | AI24: SB | AJ24: SB | AK24: SB | AL24: SB | AM24: SB | AN24: SB | AO24: SB | AP24: SB | AQ24: SB | AR24: SB | AS24: Perlu | AT24: Bahasa Mandarin | AU24: Ya | AV24: Mobile App Developer | AW24: Tidak | AX24: Tidak | AY24: Ya | AZ24: Tidak | BA24: Tidak | BB24: - | BC24: SB | BD24: Mobile app & Bahasa Mandarin | BE24: IT for Industrial environment, Factoring floor, a little bit knowledge on PLC, mobile app for industry
B25: 2016 | C25: Sarjana | D25: S1 Sistem Informasi | E25: 9410100252 | F25: Kaisha Satrio Noor Hutomo | G25: Ana Listiowati T | H25: 081331660329 | I25: ana@match-Advertising.com | J25: PT. Multi Artistikacithra | K25: Jl. Lesti No 42 Surabaya | L25: 031-5678346 | M25: Jasa, Periklan | N25: 3 | O25: 3 | P25: B | Q25: B | R25: B | S25: B | T25: B | U25: B | V25: B | W25: K | X25: K | Y25: B | Z25: B | AA25: B | AB25: B | AC25: B | AD25: B | AE25: B | AF25: B | AG25: B | AH25: B | AI25: B | AJ25: B | AK25: B | AL25: B | AM25: B | AN25: B | AO25: B | AP25: B | AQ25: B | AR25: B | AS25: Perlu | AT25: - | AU25: Ya | AW25: Tidak | AX25: Tidak | AY25: Ya | AZ25: Ya | BA25: Tidak | BC25: B | BD25: Bahasa Inggris, Pengembangan Diri | BE25: Yang bisa mengikuti Perkembangan teknologi yang terbaru
B26: 2016 | C26: Sarjana | D26: S1 Sistem Informasi | E26: 10410100049 | F26: Fikry Nurris Rizky | G26: Amrih Widayati | H26: 081336124235 | I26: amrihwidyawati@btn.co.id | J26: PT. Bank Tabungan Negara persero Tbk | K26: Jl. A.Yani no 5 Jember | L26: 0331 - 484611 | M26: Perbankan | N26: 1 | O26: 24 | P26: SB | Q26: SB | R26: SB | S26: SB | T26: SB | U26: B | V26: SB | W26: B | X26: B | Y26: SB | Z26: SB | AA26: SB | AB26: SB | AC26: SB | AD26: SB | AE26: B | AF26: B | AG26: B | AH26: SB | AI26: SB | AJ26: SB | AK26: B | AL26: SB | AM26: SB | AN26: SB | AO26: SB | AP26: SB | AQ26: SB | AR26: SB | AS26: Perlu | AT26: Yang sesuai dengan perkembangan Baru T.I di bidang Perbankan | AU26: Ya | AV26: Yang sesuai dengna perkembangan T.I | AW26: T | AX26: T | AY26: Y | AZ26: Y | BA26: T | BB26: - | BC26: SB | BD26: Bahasa Inggris, Pengembangan Diri | BE26: -
B27: 2016 | C27: Sarjana | D27: S1 Sistem Informasi | E27: 10410100066 | F27: Ni Nyoman Swastika Juniarti | G27: Erwin | H27: 081515380388 | I27: Erwin@dwp.co.id | J27: PT. Dutakom Wibawa Putra | K27: Jl. Basuki Rahmat 106-128 Graha Bumi Surabaya | L27: 031-5480500 | M27: Jasa, Internet Service Provider | N27: 1 | O27: 24 | P27: B | Q27: B | R27: B | S27: SB | T27: SB | U27: B | V27: B | W27: B | X27: B | Y27: B | Z27: B | AA27: SB | AB27: SB | AC27: SB | AD27: B | AE27: B | AF27: B | AG27: B | AH27: B | AI27: B | AJ27: B | AK27: B | AL27: B | AM27: B | AN27: B | AO27: B | AP27: B | AQ27: B | AR27: B | AS27: Perlu | AT27: - | AU27: Ya | AV27: - | AW27: Ya | AX27: Tidak | AY27: Ya | AZ27: Ya | BA27: Ya | BB27: - | BC27: B | BD27: Bahasa Inggris, Komunikasi | BE27: Kemampuan Berpikir Kritis, Lebih Mengenal Problema di Lapangan, Fast Learner, Kemampuan Bahasa Inggris Yang B
B28: 2016 | C28: Sarjana | D28: S1 Sistem Informasi | E28: 10410100088 | F28: Novita Kurniasari | G28: Trami Endang Asmoro Putri | H28: 08113430585 | I28: Buminatasurabaya@gmail.com | J28: PT. Bumi Nata Wisata Tours and Travel | K28: Jl. Gayung Sari I no 42, Surabaya | L28: 08113430585 | M28: Jasa, Tours and Travel Umroh & Haji | N28: 1 | O28: 24 | P28: B | Q28: B | R28: B | S28: B | T28: B | U28: B | V28: B | W28: B | X28: B | Y28: B | Z28: B | AA28: B | AB28: B | AC28: B | AD28: B | AE28: B | AF28: B | AG28: B | AH28: B | AI28: B | AJ28: B | AK28: B | AL28: B | AM28: B | AN28: B | AO28: B | AP28: B | AQ28: B | AR28: B | AS28: Perlu | AT28: Materi Kerja lapangan / Praktek langsung dan Survey untuk kemajuan Ti yang semakin maju dan bnyak novasi baru | AU28: Ya | AV28: TI sangat penting guna kemajuan dan kelancaran info serta berita terbaru agar institusi tetap upgrade dan tidak ketinggalan informasi dan ketinggalan kemajuan TI | AW28: Ya | AX28: Ya | AY28: Ya | AZ28: Ya | BA28: Ya | BB28: Pemasaran program / Paket Tour Wisata dan Umroh + Haji | BC28: B | BD28: Pengembangan diri | BE28: Cepat, Tanggap, Selalu up to date berbagai informasi di berbagai media ( Elektornik, sosmed, periklanan), Suple, teknik negosiasi, serta teknik pemasaran yang sesuai dengan erkembangan jaman dan teknologi
B29: 2016 | C29: Sarjana | D29: S1 Sistem Informasi | E29: 10410100104 | F29: Dewi Ayu Khusnul Khotimah | G29: Dewi Ayu | H29: 0844392226 | I29: dewiayukk@gmail.com | J29: CV. Kardi Putra Motor | K29: Jl. Raya Cangkir No5, Driyorejo Gresik | L29: 085259333704 | M29: Jasa Jual beli dan Persewaan Mobil | N29: 1 | O29: 12 | P29: SB | Q29: SB | R29: SB | S29: SB | T29: SB | U29: B | V29: SB | W29: SB | X29: SB | Y29: SB | Z29: SB | AA29: B | AB29: SB | AC29: SB | AD29: SB | AE29: B | AF29: SB | AG29: SB | AH29: SB | AI29: SB | AJ29: B | AK29: B | AL29: SB | AM29: SB | AN29: SB | AO29: B | AP29: B | AQ29: SB | AR29: SB | AS29: Perlu | AT29: Memperdalam ilmu management Keuangan | AU29: Ya | AV29: TI berbasis management | AW29: Tidak | AX29: Tidak | AY29: Ya | AZ29: Ya | BA29: Tidak | BB29: Akutansi dan Management | BC29: SB | BD29: Lainnya, AKutansi | BE29: Yang Mengerti lebih dalam tentang ilmu akutansi
B30: 2016 | C30: Sarjana | D30: S1 Sistem Informasi | E30: 10410100106 | F30: Ignatius Rahardhi | G30: Fanino Naynarno St, MMT | H30: 085102530303 | I30: Fanino@rkzsby.com | J30: RS Katolik St. Vincentius Sa Paulo | K30: Diponegoro 51 Sby | L30: 031 - 5677562 | M30: Jasa Kesehatan | N30: 2 | O30: 24 | P30: SB | Q30: SB | R30: SB | S30: SB | T30: SB | U30: SB | V30: SB | W30: B | X30: B | Y30: SB | Z30: SB | AA30: SB | AB30: SB | AC30: SB | AD30: SB | AE30: SB | AF30: SB | AG30: SB | AH30: SB | AI30: SB | AJ30: SB | AK30: SB | AL30: SB | AM30: SB | AN30: SB | AO30: B | AP30: B | AQ30: B | AR30: SB | AS30: Perlu | AT30: Manajemen Server & Jaringan | AU30: Ya | AV30: Pengelolaan Server dan jaringan | AW30: Ya | AX30: Ya | AY30: Ya | AZ30: Ya | BA30: - | BB30: - | BC30: B | BE30: Komunikasi, Kerjasama TIm, Pengembangan Diri, Mobile APP
B31: 2016 | C31: Sarjana | D31: S1 Sistem Informasi | E31: 10410100107 | F31: Malkus Willybrodus Se | G31: Syamsul | H31: - | I31: - | J31: Taspen Persero | K31: Jalan Letjend Suprapto No.45, Jakarta Pusat | L31: - | M31: Jasa Asuransi | N31: 1 | O31: 12 | P31: SB | Q31: SB | R31: SB | S31: SB | T31: SB | U31: B | V31: SB | W31: B | X31: B | Y31: SB | Z31: SB | AA31: SB | AB31: SB | AC31: SB | AD31: SB | AE31: B | AF31: SB | AG31: SB | AH31: SB | AI31: SB | AJ31: B | AK31: B | AL31: SB | AM31: SB | AN31: SB | AO31: B | AP31: B | AQ31: B | AR31: SB | AS31: Perlu | AT31: - | AU31: Ya | AV31: - | AW31: Ya | AX31: Ya | AY31: Tidak | AZ31: Tidak | BA31: Tidak | BB31: - | BC31: B | BD31: - | BE31: -
B32: 2016 | C32: Sarjana | D32: S1 Sistem Informasi | E32: 10410100120 | F32: Asdi Atmin Fildananto | G32: Gartinia Murcholis, M.Psi, Psi | H32: 081231127099 | I32: gartina.nurcholis@hangtuah.ac.id | J32: Unversitas Hang Tuah Surabaya | K32: Jl. Arief Rahman Hakim 150 Sby | L32: - | M32: 2 | N32: 2 | O32: 60 | P32: B | Q32: B | R32: B | S32: B | T32: B | U32: SB | V32: B | W32: K | X32: B | Y32: SB | Z32: SB | AA32: B | AB32: B | AC32: B | AD32: B | AE32: B | AF32: B | AG32: B | AH32: SB | AI32: B | AJ32: B | AK32: B | AL32: B | AM32: B | AN32: B | AO32: B | AP32: B | AQ32: K | AR32: B | AS32: Tidak Perlu | AT32: - | AU32: Ya | AV32: - | AW32: Ya | AX32: Ya | AY32: Ya | AZ32: Ya | BA32: Tidak | BB32: - | BC32: Baol | BD32: Bahasa Inggris | BE32: - Mampu Menguasai TI untuk mendukung proese pembelajaran - Mampu untuk memberikan inovasi pengembangan sistem informasi PT - Mampu memberikan pelayanan dengan cepat dan tepat - Mampu menyelesaikan masalah (Problem Solving) di lingkungan dan B
B33: 2016 | C33: Sarjana | D33: S1 Sistem Informasi | E33: 10410100188 | F33: Feriyan | G33: Denny A Idiarto | H33: 08111732665 | I33: idiarto@telkom.co.id | J33: PT. Telkom | K33: Jl. Kebalen Timur 2 Sby | L33: - | M33: Telekomunikasi | N33: 1 | O33: 12 | P33: B | Q33: SB | R33: B | S33: B | T33: B | U33: B | V33: B | W33: K | X33: K | Y33: SB | Z33: SB | AA33: B | AB33: B | AC33: B | AD33: B | AE33: B | AF33: B | AG33: B | AH33: SB | AI33: SB | AJ33: B | AK33: B | AL33: B | AM33: B | AN33: B | AO33: B | AP33: B | AQ33: B | AR33: B | AS33: Perlu | AT33: Broadcasting | AU33: Ya | AV33: Mengerti tentang Broadcasting | AW33: Ya | AX33: Ya | AY33: Ya | AZ33: Ya | BA33: Ya | BB33: Berkaitan dengan jasa telekomunikasi dan Broadcasting | BC33: B | BD33: Bahasa Inggris | BE33: Yang Mengerti tentang Broadacsting dan telekomunikasi in the future
B34: 2016 | C34: Sarjana | D34: S1 Sistem Informasi | E34: 10410100209 | F34: M. Ramzi | G34: Ilmanza Restuadi K | H34: 08113620797 | I34: Ilmanza.kurniawan@semenindonesia.com | J34: PT. Semen Indonesia | K34: Jl. Veteran Gresik | L34: 031 3981732 | M34: Indsutri Semen | N34: 10 | O34: 12 | P34: B | Q34: B | R34: B | S34: B | T34: B | U34: B | V34: B | W34: K | X34: B | Y34: B | Z34: B | AA34: B | AB34: B | AC34: B | AD34: B | AE34: B | AF34: B | AG34: B | AH34: B | AI34: SB | AJ34: B | AK34: B | AL34: B | AM34: B | AN34: B | AO34: B | AP34: B | AQ34: K | AR34: SB | AS34: Perlu | AT34: IOT dan Mobile APPS | AU34: Ya | AV34: IOT dan Mobile Apps | AW34: Ya | AX34: Ya | AY34: Ya | AZ34: Ya | BA34: Tidak | BC34: B | BD34: Bahasa Inggris, Mobile Apps dan IOT
B35: 2016 | C35: Sarjana | D35: S1 Sistem Informasi | E35: 10410100240 | F35: Prabu Prasetya Meifa | G35: Alfi Erlangga | H35: 08124111850 | I35: alfi@alive-resort.com | J35: alive Resort | K35: Menara BCA lt.50 Jakarta Pusat | L35: 02123584487 | M35: Property | N35: 1 | O35: 12 | P35: B | Q35: B | R35: B | S35: B | T35: B | U35: B | V35: B | W35: K | X35: B | Y35: SB | Z35: SB | AA35: B | AB35: B | AC35: B | AD35: SB | AE35: B | AF35: B | AG35: B | AH35: B | AI35: K | AJ35: B | AK35: SB | AL35: SB | AM35: SB | AN35: B | AO35: SB | AP35: B | AQ35: B | AR35: B | AS35: Perlu | AT35: Digital Marketing | AU35: Ya | AV35: Update Perkembangan IT | AW35: Tidak | AX35: Tidak | AY35: Ya | AZ35: Tidak | BA35: Ya | BB35: - | BC35: B | BD35: Bahasa Inggris | BE35: Update IT Terkini
B36: 2016 | C36: Sarjana | D36: S1 Sistem Informasi | E36: 11410100020 | F36: I Putu Narario Sastra | G36: Jingo Saputra | H36: 085733344881 | I36: jingosaputra@japfa.com | J36: PT. Comas Adisatwa | K36: Hr. Mangundiprojo KM 3,5 Sidoarjo | L36: 0312988329 | M36: Industri Poultry Processing | N36: 2 | O36: 60 | P36: B | Q36: B | R36: B | S36: SB | T36: B | U36: B | V36: B | W36: K | X36: B | Y36: B | Z36: B | AA36: B | AB36: B | AC36: B | AD36: B | AE36: B | AF36: B | AG36: K | AH36: B | AI36: B | AJ36: B | AK36: B | AL36: B | AM36: B | AN36: B | AO36: K | AP36: K | AQ36: K | AR36: B | AS36: Perlu | AT36: Matakuliah Pengasahan Logika | AU36: - | AV36: - | AW36: Tidak | AX36: Tidak | AY36: Ya | AZ36: Tidak | BA36: Tidak | BB36: - | BC36: B | BD36: - | BE36: Yang mampu dan Mau secara aktif mencari solusi / Inovasi terhadap suatu permasalhan
B37: 2016 | C37: Sarjana | D37: S1 Sistem Informasi | E37: 11410100031 | F37: Priyanggoro Dwi Hananto | G37: Jingo Saputra | H37: 085733344881 | I37: jingosaputra@japfa.com | J37: PT. Comas Adisatwa | K37: Hr. Mangundiprojo KM 3,5 Sidoarjo | L37: 0312988329 | M37: Industri Poultry Processing | N37: 2 | O37: 60 | P37: B | Q37: B | R37: B | S37: SB | T37: B | U37: B | V37: B | W37: K | X37: B | Y37: B | Z37: B | AA37: B | AB37: B | AC37: B | AD37: B | AE37: B | AF37: B | AG37: K | AH37: B | AI37: B | AJ37: B | AK37: B | AL37: B | AM37: B | AN37: B | AO37: K | AP37: K | AQ37: K | AR37: B | AS37: Perlu | AT37: Matakuliah Pengasahan Logika | AU37: - | AV37: - | AW37: Tidak | AX37: Tidak | AY37: Ya | AZ37: Tidak | BA37: Tidak | BB37: - | BC37: B | BD37: - | BE37: Yang mampu dan Mau secara aktif mencari solusi / Inovasi terhadap suatu permasalhan
B38: 2016 | C38: Sarjana | D38: S1 Sistem Informasi | E38: 11410100042 | F38: Aldy Hafil Ananda | G38: The Fang | H38: 081216570707 | I38: f-fang7i@yahoo.com | J38: PT. BPR INTAN KITA | K38: Jl. Panglima Sudirman 76B Gresik | L38: 031-3981597 , 031-3988333 | M38: Jasa Keuangan (PERBANKAN) | N38: 1 | O38: 6 | P38: SB | Q38: SB | R38: SB | S38: SB | T38: SB | U38: SB | V38: SB | W38: B | X38: B | Y38: SB | Z38: SB | AA38: SB | AB38: SB | AC38: SB | AD38: SB | AE38: SB | AF38: B | AG38: B | AH38: B | AI38: B | AJ38: SB | AK38: SB | AL38: SB | AM38: SB | AN38: SB | AO38: SB | AP38: SB | AQ38: SB | AR38: SB | AS38: Perlu, | AT38: Program di Aplikasi android - HP | AU38: Ya | AV38: Yang Sesuai kebutuhan dan perkembangan TI 5-10 th mendatang | AW38: Tidak | AX38: Ya | AY38: Ya | AZ38: Ya | BA38: Ya | BB38: Promosi Produk, Info Loker | BC38: SB | BD38: - | BE38: Saat ini memenuhi kebutuhan yang perusahaan butuhkan
B39: 2016 | C39: Sarjana | D39: S1 Sistem Informasi | E39: 11410100073 | F39: Febi Kadarianto | G39: Puguh Triyono | H39: 081252831567 | I39: puguh@sucofindo.co.id | J39: PT. Sucofindo (Persero) | K39: Jl. Kalibutuh no 215 Surabaya | L39: 031 - 5469123 | M39: Jasa, Inspeksi, Pengujian Sertifikasi | N39: 5 | O39: 24 | P39: SB | Q39: SB | R39: SB | S39: SB | T39: SB | U39: B | V39: SB | W39: B | X39: B | Y39: SB | Z39: SB | AA39: SB | AB39: SB | AC39: SB | AD39: SB | AE39: SB | AF39: SB | AG39: SB | AH39: SB | AI39: SB | AJ39: SB | AK39: SB | AL39: SB | AM39: SB | AN39: SB | AO39: SB | AP39: SB | AQ39: SB | AR39: SB | AS39: Perlu | AT39: Sistem Auditor | AU39: Ya | AV39: - | AW39: Ya | AX39: Tidak | AY39: Tidak | AZ39: Ya | BA39: Tidak | BB39: - | BC39: SB | BD39: Bahasa Inggris
B40: 2016 | C40: Sarjana | D40: S1 Sistem Informasi | E40: 11410100075 | F40: Zulfikar Rahman | G40: Ade Gunardi didi | H40: 08122111989 | I40: adegede@gmail.com | J40: PT. Atmajaya Makmur Gemilang | K40: Jl. Raya Jemursari No 15 Srabaya | L40: 031-8485665 | M40: Indsutri Pupuk | N40: 1 | O40: 24 | P40: B | Q40: SB | R40: B | S40: B | T40: B | U40: B | V40: B | W40: B | X40: B | Y40: SB | Z40: B | AA40: SB | AB40: B | AC40: B | AD40: B | AE40: B | AF40: SB | AG40: B | AH40: B | AI40: B | AJ40: B | AK40: B | AL40: B | AM40: SB | AN40: B | AO40: B | AP40: B | AQ40: B | AR40: B | AS40: Tidak Perlu | AT40: - | AU40: Ya | AW40: Ya | AX40: Tidak | AY40: Ya | AZ40: Ya | BA40: Tidak | BB40: - | BC40: B | BD40: Bahasa Inggris | BE40: Memiliki skill teknis yang B dnegna tambahan mempunyai wawasan yang cukup tentang soft skill (team management, interpersonal, relationship, communication, dll)
B41: 2016 | C41: Sarjana | D41: S1 Sistem Informasi | E41: 11410100084 | F41: Raisa Alifianoor | G41: Alfrida Fransisca Pusung | H41: 081333175144 | I41: frida.kd04@gmail.com | J41: PT. Transporindo Agung Sejahtera | K41: Jl. Margomulyo no 44 Komplek Pergudangan Suci Mulia Blok DD12 | L41: 031 - 7484425 | M41: Jasa, EMKL / Expedisi | N41: 5 | O41: 12 | P41: B | Q41: B | R41: B | S41: B | T41: B | U41: SB | V41: SB | W41: B | X41: B | Y41: B | Z41: B | AA41: B | AB41: B | AC41: SB | AD41: SB | AE41: B | AF41: B | AG41: B | AH41: B | AI41: B | AJ41: B | AK41: B | AL41: B | AM41: B | AN41: B | AO41: B | AP41: B | AQ41: B | AR41: B | AS41: Tidak Perlu | AT41: - | AU41: Ya | AV41: - | AW41: Ya | AX41: Ya | AY41: Ya | AZ41: Ya | BA41: Ya | BB41: - | BC41: B | BD41: - | BE41: -
B42: 2016 | C42: Sarjana | D42: S1 Sistem Informasi | E42: 11410100192 | F42: Berlita Tri Cahyaningasri | G42: Hery Sastra Kencana | H42: - | I42: - | J42: PT. Indojaya Cold Storage | K42: Jl. Kalianak barat no 53 D | M42: Jasa, Storage | N42: 3 | O42: 30 | P42: SB | Q42: SB | R42: SB | S42: SB | T42: SB | U42: B | V42: SB | W42: K | X42: SB | Y42: SB | Z42: SB | AA42: SB | AB42: SB | AC42: SB | AD42: SB | AE42: SB | AF42: SB | AG42: B | AH42: SB | AI42: SB | AJ42: SB | AK42: SB | AL42: SB | AM42: SB | AN42: SB | AO42: B | AP42: SB | AQ42: B | AR42: SB | AS42: Perlu | AU42: Ya | AW42: Tidak | AX42: Tidak | AY42: Tidak | AZ42: Tidak | BA42: Tidak | BB42: - | BC42: SB | BD42: Bahasa Inggris | BE42: -
B43: 2016 | C43: Sarjana | D43: S1 Sistem Informasi | E43: 11410100211 | F43: Luvi Efendi | G43: Maria Felicia Nathania | H43: 085103664964 | I43: felicia@wiklan.com | J43: PT. WIjaya Iklan Indonesia | K43: Jl. Adityawarman no.2 Surabaya | L43: 031-51201088 | M43: Periklanan | N43: 2 | O43: 24 | P43: B | Q43: B | R43: B | S43: B | T43: B | U43: B | V43: B | W43: B | X43: B | Y43: B | Z43: B | AA43: B | AB43: B | AC43: B | AD43: B | AE43: B | AF43: B | AG43: B | AH43: B | AI43: B | AJ43: B | AK43: B | AL43: B | AM43: B | AN43: B | AO43: K | AP43: K | AQ43: K | AR43: B | AS43: Perlu | AT43: - | AU43: Ya | AV43: - | AW43: Tidak | AX43: Tidak | AY43: Ya | AZ43: Ya | BA43: Tidak | BB43: Bidang IT & Penyediaan SDM | BC43: B | BD43: Bahasa Inggris, Penggunaan TI | BE43: Bisa mengikuti perkembangan TI saat ini / Update, Bisa menguasai pembiatan Apk, Paham mengenai pembuatan sistem penjualan online, paham meningkatkan SEO
B44: 2016 | C44: Sarjana | D44: S1 Sistem Informasi | E44: 11410100221 | F44: I Made Budi Darmanto | G44: Helen Kurniawan | H44: - | I44: Helen.kurniawan@sisi.id | J44: PT. SISI | K44: Gedung Graha Irama, Lt.6 Jakarta Selatan | L44: - | M44: Jasa, Teknologi Informasi | N44: - | O44: 24 | P44: B | Q44: SB | R44: B | S44: SB | T44: SB | U44: SB | V44: SB | W44: B | X44: B | Y44: B | Z44: B | AA44: SB | AB44: SB | AC44: SB | AD44: SB | AE44: B | AF44: B | AG44: B | AH44: B | AI44: B | AJ44: SB | AK44: B | AL44: SB | AM44: B | AN44: SB | AO44: B | AP44: SB | AQ44: SB | AR44: B | AS44: Tidak Perlu | AT44: - | AU44: Ya | AV44: Lulusan yang update dengan teknologi terbaru | AW44: Ya | AX44: Ya | AY44: Ya | AZ44: Ya | BA44: Ya | BB44: Kerjasama pengembangan dan penyediaan SDM untuk Software , ERP Forum | BC44: SB | BD44: Bahasa Inggris, Teknologi Terbaru | BE44: Paham dengna konsep keilmuannya, Mampu Mengimplementasikan ilmu yang di dapat, Mengikuti dan paham dengan teknologi terbaru
B45: 2016 | C45: Sarjana | D45: S1 Sistem Informasi | E45: 11410100248 | F45: M. Risa Fahmi | G45: Nurhesti Esa Dwirini | H45: 081216174309 | I45: hesti@stikom.edu | J45: Institut Bisnis dan Informatika Stikom Surabaya | K45: Jl. Kedung Baruk no 98 SUrabaya | L45: 031872731 | M45: Pendidikan | N45: 1 | O45: 48 | P45: SB | Q45: SB | R45: B | S45: SB | T45: SB | U45: K | V45: B | W45: K | X45: K | Y45: SB | Z45: SB | AA45: SB | AB45: SB | AC45: SB | AD45: SB | AE45: SB | AF45: SB | AG45: SB | AH45: SB | AI45: B | AJ45: SB | AK45: SB | AL45: SB | AM45: SB | AN45: SB | AO45: SB | AP45: SB | AQ45: SB | AR45: SB | AS45: Perlu | AT45: Diberikan materi yang menguatkan kepribadian / pembentukan karakter / budi pekerti calon lulusan | AU45: Ya | AV45: Yang kreatif & Inovatif dalam menerapkan TI Sehingga pekerjaan lebih Efektif dan Efisien | AW45: Ya | AX45: Ya | AY45: Ya | AZ45: a | BA45: Ya | BB45: Dalam bidang pembekalan calon wisudawan / Calon alumni | BC45: SB | BD45: Bahasa Inggris | BE45: Yang selalu update ilmu yang sesuai dengan kebuhuan dunia usaha/dunia industri
B46: 2016 | C46: Sarjana | D46: S1 Sistem Informasi | E46: 11410100273 | F46: Fatkur Alfianto | G46: Puguh Triyono | H46: 081252831567 | I46: puguh@sucofindo.co.id | J46: PT. Sucofindo (Persero) | K46: Jl. Kalibutuh no 215 Surabaya | L46: 031 - 5469123 | M46: Jasa, Inspeksi, Pengujian Sertifikasi | N46: 5 | O46: 8 | P46: SB | Q46: SB | R46: SB | S46: SB | T46: SB | U46: B | V46: SB | W46: B | X46: B | Y46: SB | Z46: SB | AA46: SB | AB46: SB | AC46: SB | AD46: SB | AE46: SB | AF46: SB | AG46: SB | AH46: SB | AI46: SB | AJ46: SB | AK46: SB | AL46: SB | AM46: SB | AN46: SB | AO46: B | AP46: B | AQ46: B | AR46: B | AS46: Perlu | AT46: Sistem Auditor | AU46: Ya | AV46: - | AW46: Ya | AX46: Tidak | AY46: Tidak | AZ46: Ya | BA46: Tidak | BB46: - | BC46: SB | BD46: Bahasa Inggris
B47: 2016 | C47: Sarjana | D47: S1 Sistem Informasi | E47: 11410100277 | F47: Ardo Yoga Pratama | G47: Mohammad Mastur | H47: 085203616366 | I47: dimas89@yahoo.com | J47: PT. Infomedia Nusantara | K47: Jl. Ayani 286, Lt. 10 | L47: - | M47: Jasa Call Center | N47: 1 | O47: 4 | P47: B | Q47: SB | R47: B | S47: SB | T47: SB | U47: B | V47: SB | W47: K | X47: K | Y47: B | Z47: B | AA47: SB | AB47: SB | AC47: SB | AD47: SB | AE47: B | AF47: B | AG47: B | AH47: B | AI47: B | AJ47: SB | AK47: SB | AL47: B | AM47: B | AN47: SB | AO47: B | AP47: B | AQ47: K | AR47: B | AS47: Perlu | AT47: Kompetensi Hardskill Digital | AU47: Ya | AV47: Teknologi Chat Mobile | AW47: Tidak | AX47: Tidak | AY47: Ya | AZ47: Tidak | BA47: Tidak | BB47: - | BC47: SB | BD47: Bahasa Inggris, Pengembangan Diri | BE47: Teknologi INformasi Berbasis Mobile, Teknologi Informasi Web Framework, Teknologi Inforasi Chatt Bot
B48: 2016 | C48: Sarjana | D48: S1 Sistem Informasi | E48: 11410100279 | F48: Annisa Rahayu Bekti Nagari | G48: Kemal Khoirur R | H48: 081261571765 | I48: bos.pin@yahoo.com | J48: Bospin.co | K48: Jl. Intan 2 Blok AJ.13 Tuban | L48: 082333205299 | M48: Lain, STARTUP | N48: 1 | O48: 11 | P48: B | Q48: B | R48: SB | S48: B | T48: SB | U48: SB | V48: B | W48: B | X48: SB | Y48: B | Z48: SB | AA48: B | AB48: K | AC48: B | AD48: B | AE48: B | AF48: B | AG48: B | AH48: B | AI48: K | AJ48: B | AK48: B | AL48: B | AM48: K | AN48: B | AO48: SB | AP48: B | AQ48: B | AR48: B | AS48: Perlu | AU48: Ya | AW48: Ya | AX48: Ya | AY48: Ya | AZ48: Ya | BA48: Ya | BB48: Bidang Personal Branding, Corporate Branding, Kurikulum Entrepreneur dan Startup | BC48: B | BD48: Komunikasi, Branding dan Marketing | BE48: Lulusan yang siap membuka lapangan kerja, dalam arti stratup menjadi seorang bisnis owner. Bukan mara self employee yang bingung mencari kerja. Kuatkan karakter "Komitment, Integritas, dan Inovasi"
B49: 2016 | C49: Sarjana | D49: S1 Sistem Informasi | E49: 12410100001 | F49: Randy Hodianto | G49: Tegar Heru Susilo | H49: 08155905520 | I49: tegarheru@andromeda.co.id | J49: PT. Andromeda Indonesia | K49: Bumi Mandiri tower 2 | L49: 031-60018666 | M49: Jasa IT Consultant dan Soft Developer | N49: 6 | O49: 12 | P49: B | Q49: SB | R49: B | S49: SB | T49: SB | U49: SB | V49: SB | W49: B | X49: B | Y49: B | Z49: B | AA49: B | AB49: B | AC49: B | AD49: B | AE49: B | AF49: SB | AG49: B | AH49: SB | AI49: SB | AJ49: B | AK49: B | AL49: SB | AM49: SB | AN49: B | AO49: B | AP49: B | AQ49: B | AR49: B | AS49: Tidak Perlu | AU49: Ya | AW49: Ya | AX49: Ya | AY49: Ya | AZ49: Ya | BA49: Tidak | BC49: B | BD49: Keahlian Berdasarkan Bidang Ilmu | BE49: Proses bisnis & Manajemen, Logika & Pemrograman, IT Management
B50: 2016 | C50: Sarjana | D50: S1 Sistem Informasi | E50: 12410100002 | F50: Cefa Rahardjo | G50: Airlangga B Amitha | H50: 08121706293 | I50: Airlangga@gitsconsulting.com | J50: PT. Global Industri Teknologi Solusi | K50: Jemursari Timur no 8, Blok JF-22 Surabaya | L50: 03199841234 | M50: Jasa, Perangkat Lunak ERP dan Mitra Resmi Microsoft | N50: 1 | O50: 24 | P50: B | Q50: SB | R50: B | S50: B | T50: SB | U50: B | V50: B | W50: K | X50: K | Y50: B | Z50: B | AA50: SB | AB50: B | AC50: SB | AD50: B | AE50: B | AF50: B | AG50: B | AH50: B | AI50: B | AJ50: B | AK50: B | AL50: B | AM50: B | AN50: SB | AO50: B | AP50: B | AQ50: SB | AR50: SB | AS50: Perlu | AT50: Tentang konsep ERP dan BI | AU50: Ya | AV50: Yang menguasai ERP & BI | AW50: Ya | AX50: Ya | AY50: Ya | AZ50: Tidak | BA50: Tidak | BB50: - | BC50: B | BD50: Bahasa Inggris, Sertifikasi Profesional | BE50: Punya Sertifikasi Profesional yang diakui oleh vendor secara internasional diluar Ijazah resmi, COntoh : MOS, MCP, Dll
B51: 2016 | C51: Sarjana | D51: S1 Sistem Informasi | E51: 12410100018 | F51: Alfian Noor Rahman | G51: Airlangga B Amitha | H51: 08121706293 | I51: Airlangga@gitsconsulting.com | J51: PT. Global Industri Teknologi Solusi | K51: Jemursari Timur no 8, Blok JF-22 Surabaya | L51: 03199841234 | M51: Jasa, Perangkat Lunak ERP dan Mitra Resmi Microsoft | N51: 1 | O51: 24 | P51: B | Q51: SB | R51: B | S51: B | T51: SB | U51: B | V51: B | W51: K | X51: K | Y51: B | Z51: B | AA51: SB | AB51: B | AC51: SB | AD51: B | AE51: B | AF51: B | AG51: B | AH51: B | AI51: B | AJ51: B | AK51: B | AL51: B | AM51: B | AN51: SB | AO51: B | AP51: B | AQ51: SB | AR51: SB | AS51: Perlu | AT51: Tentang konsep ERP dan BI | AU51: Ya | AV51: Yang menguasai ERP & BI | AW51: Ya | AX51: Ya | AY51: Ya | AZ51: Tidak | BA51: Tidak | BB51: - | BC51: B | BD51: Bahasa Inggris, Sertifikasi Profesional | BE51: Punya Sertifikasi Profesional yang diakui oleh vendor secara internasional diluar Ijazah resmi, COntoh : MOS, MCP, Dll
B52: 2016 | C52: Sarjana | D52: S1 Sistem Informasi | E52: 12410100039 | F52: Nova Nahusuly | G52: Tegar Heru Susilo | H52: 08155905520 | I52: tegarheru@andromeda.co.id | J52: PT. Andromeda Indonesia | K52: Bumi Mandiri tower 2 | L52: 031-60018666 | M52: Jasa IT Consultant dan Soft Developer | N52: 6 | O52: 12 | P52: B | Q52: SB | R52: B | S52: SB | T52: SB | U52: SB | V52: SB | W52: B | X52: B | Y52: B | Z52: B | AA52: B | AB52: B | AC52: B | AD52: B | AE52: B | AF52: SB | AG52: B | AH52: SB | AI52: SB | AJ52: B | AK52: B | AL52: SB | AM52: SB | AN52: B | AO52: B | AP52: B | AQ52: B | AR52: B | AS52: Tidak Perlu | AU52: Ya | AW52: Ya | AX52: Ya | AY52: Ya | AZ52: Ya | BA52: Tidak | BC52: B | BD52: Keahlian Berdasarkan Bidang Ilmu | BE52: Proses bisnis & Manajemen, Logika & Pemrograman, IT Management
B53: 2016 | C53: Sarjana | D53: S1 Sistem Informasi | E53: 12410100043 | F53: Nur Mohamad Prima Putra Wardani | G53: Tan Amelia | H53: 08123246482 | I53: tan.meilie@yahoo.com | J53: Solusi Sistem Informasi | K53: Jl. Raya Kedung Baruk no 98 Surabaya | L53: 031.8721731 | M53: Software House | N53: 8 | O53: 10 | P53: SB | Q53: SB | R53: B | S53: SB | T53: SB | U53: SB | V53: B | W53: K | X53: K | Y53: SB | Z53: SB | AA53: SB | AB53: B | AC53: B | AD53: SB | AE53: B | AF53: B | AG53: B | AH53: SB | AI53: B | AJ53: B | AK53: B | AL53: B | AM53: B | AN53: B | AO53: B | AP53: B | AQ53: B | AR53: B | AS53: Perlu | AT53: Web Programming / Android Programming | AU53: Ya | AV53: Pengembang Software | AW53: Ya | AX53: Ya | AY53: Ya | AZ53: Ya | BA53: Ya | BB53: - | BC53: SB | BD53: Bahasa Inggris | BE53: Pengembang Software yang mempunyai daya eksplorasi dan tanggung jawab yang tinggi, serta bisa kerjasama dalam tim. Hardskill Meliputi : Web & Android
B54: 2016 | C54: Sarjana | D54: S1 Sistem Informasi | E54: 12410100057 | F54: Bayu Okta Anggara Yudha | G54: Rahman Isnaini | H54: 08176388604 | I54: rahman.isnaini@indonet.co.id | J54: PT. Indointernet | K54: Rempoa Raya no 11 Ciputat Tangerang | L54: 021 73882525 | M54: Jasa Cloud Service / TI | N54: 1 | O54: 24 | P54: SB | Q54: SB | R54: SB | S54: B | T54: B | U54: B | V54: SB | W54: B | X54: B | Y54: SB | Z54: SB | AA54: SB | AB54: B | AC54: B | AD54: B | AE54: SB | AF54: B | AG54: SB | AH54: SB | AI54: SB | AJ54: SB | AK54: SB | AL54: B | AM54: B | AN54: B | AO54: B | AP54: B | AQ54: B | AR54: B | AS54: Tidak Perlu | AT54: Broadcasting | AU54: Ya | AV54: Mandatory Skill : Linux, Virtualisasi Replikasi/ Backup | AW54: Ya | AX54: Ya | AY54: Ya | AZ54: Ya | BA54: Tidak | BB54: Mendapatkan generasi IT yang sesuai dengan perkembangan teknologi terkini | BC54: SB | BD54: Tidak Ada | BE54: Linux / Virtualisasi Orient, Good English, Good Interpersonal Communication, Fast learner, Developer Skill is an Adventage Presentation Skill
B55: 2016 | C55: Sarjana | D55: S1 Sistem Informasi | E55: 12410100083 | F55: Nina Setyawati | G55: PT. Andromedia | H55: - | I55: - | J55: PT. Andromedia | K55: Bumi Mandiri Tower II , Pangsud Surabaya | L55: 03160018666 | M55: Perdagangan / Bisnis | N55: 7 | O55: 60 | P55: B | Q55: B | R55: B | S55: SB | T55: SB | U55: SB | V55: B | W55: B | X55: B | Y55: SB | Z55: SB | AA55: B | AB55: B | AC55: B | AD55: B | AE55: B | AF55: B | AG55: B | AH55: B | AI55: B | AJ55: B | AK55: B | AL55: B | AM55: B | AN55: B | AO55: B | AP55: B | AQ55: B | AR55: B | AS55: Perlu | AT55: - | AU55: Ya | AV55: - | AW55: Tidak | AX55: Tidak | AY55: Ya | AZ55: Ya | BA55: Tidak | BB55: - | BC55: B | BD55: - | BE55: -
B56: 2016 | C56: Sarjana | D56: S1 Sistem Informasi | E56: 12410100094 | F56: Naufal Alif Syahlawal Akbar | G56: Eriyanto | H56: 81234513007 | I56: eriyanto@itpi.co.id | J56: ITPI Technology | K56: Manyar Indah Raya No 7B Surabaya | L56: 031-59175838 | M56: Jasa, Teknologi Informasi | N56: 2 | O56: 6 | P56: SB | Q56: SB | R56: SB | S56: SB | T56: SB | U56: SB | V56: SB | W56: B | X56: B | Y56: SB | Z56: SB | AA56: SB | AB56: SB | AC56: SB | AD56: SB | AE56: SB | AF56: SB | AG56: SB | AH56: SB | AI56: SB | AJ56: SB | AK56: SB | AL56: SB | AM56: SB | AN56: SB | AO56: SB | AP56: SB | AQ56: SB | AR56: SB | AS56: Perlu | AT56: Pendidikan Karakter | AU56: Ya | AV56: Programmer, System Analyst | AW56: Ya | AX56: Ya | AY56: a | AZ56: Ya | BA56: Ya | BB56: Teknologi Informasi (Programmer Analyst) | BC56: SB | BD56: Lainnya, Penguasaan Teknologi Pemrograman | BE56: - Memiliki Kemampuan teknis dan non teknis, Memiliki karakter yang B, Detail dalam mengurai bahasa pemrobraman
B57: 2016 | C57: Sarjana | D57: S1 Sistem Informasi | E57: 12410100123 | F57: Muhammad Ivan Setiawan | G57: April Yanus | H57: 081553589695 | I57: aprilyanu5@gmail.com | J57: Dinas Perpustakaan dan kearsipan kota surabaya | K57: Jl. Tunjungan no 1-3 | L57: - | M57: Pemerintahan bidang perpustakaan dan kearsipan | N57: 2 | O57: 24 | P57: SB | Q57: SB | R57: B | S57: SB | T57: SB | U57: B | V57: B | W57: B | X57: B | Y57: SB | Z57: SB | AA57: B | AB57: SB | AC57: B | AD57: B | AE57: B | AF57: B | AG57: SB | AH57: B | AI57: B | AJ57: B | AK57: B | AL57: SB | AM57: SB | AN57: B | AO57: SB | AP57: SB | AQ57: B | AR57: B | AS57: Perlu | AU57: Ya | AW57: Ya | AX57: Ya | AY57: Ya | AZ57: Ya | BA57: Tidak | BB57: Bidang Pelatihan IT | BC57: SB | BD57: Bahasa Inggris | BE57: Lulusan yang mampu menangkap permasalahan kemudian memberi edukasi berbasis IT
B58: 2016 | C58: Sarjana | D58: S1 Sistem Informasi | E58: 12410100165 | F58: Januaryoputra Setyo Handoko | G58: Redyarman Sholeh | H58: 8113100222 | I58: mc@redyarman.net | J58: PT. Sinergi Satu media | K58: Jl. Kedondong No 93 | L58: - | M58: Jasa, Konsultan TI | N58: 2 | O58: 36 | P58: B | Q58: B | R58: SB | S58: B | T58: B | U58: SB | V58: SB | W58: B | X58: B | Y58: B | Z58: B | AA58: B | AB58: B | AC58: B | AD58: SB | AE58: SB | AF58: B | AG58: B | AH58: B | AI58: B | AJ58: B | AK58: B | AL58: B | AM58: B | AN58: B | AO58: B | AP58: B | AQ58: B | AR58: B | AS58: Perlu | AT58: Kemampuan Design | AU58: Ya | AV58: Devops berfokus pada teknologi java module | AW58: Tidak | AX58: Tidak | AY58: Ya | AZ58: Ya | BA58: Ya | BB58: Memberikan informasi mahasiswa yang membutuhkan pekerjan dengan skill java .net | BC58: B | BD58: Pengembangan Diri | BE58: Mampu memahaami masalah dengan cepat, Mampu bekerja sama dengan tim, mampu menganalisan dan memberikan quick solution, Mampu berceria mengenai teknologi terkini dan penerapannya, Memahami programan berbasis OOP, Mampu menuliskan masalah bisnis ke UML
B59: 2016 | C59: Sarjana | D59: S1 Sistem Informasi | E59: 12410100194 | F59: Yusuf Budiharjo | G59: Fajar Mukti | J59: PT. Motasa Indonesia | K59: Wonosari, Sumber Tanggul, Mojosari, Mojokerto | L59: (0321) 331557 | M59: Makanan | N59: 3 | O59: 29 | P59: B | Q59: B | R59: B | S59: B | T59: B | U59: SB | V59: B | W59: SB | X59: SB | Y59: SB | Z59: SB | AA59: B | AB59: B | AC59: B | AD59: B | AE59: B | AF59: B | AG59: SB | AH59: B | AI59: SB | AJ59: B | AK59: B | AL59: B | AM59: B | AN59: B | AO59: SB | AP59: SB | AQ59: B | AR59: B | AS59: Perlu | AU59: YA | AW59: Tidak | AX59: Tidak | AY59: Tidak | AZ59: Tidak | BA59: Tidak | BC59: B | BD59: Kerja Sama Tim | BE59: Programmer, Jaringan
B60: 2016 | C60: Sarjana | D60: S1 Sistem Informasi | E60: 12410100240 | F60: Mey Handayani | G60: Wiyli Yustanti S.Si, M.Kom | H60: 087854407576 | I60: Wiyluyustanti@unesa.ac.id | J60: Universitas Negeri Surabaya | K60: Jl. Raya kampus unesa Lidah wetan | L60: 031 8280009 | M60: Pendidikan | N60: 1 | O60: 24 | P60: B | Q60: B | R60: B | S60: B | T60: B | U60: B | V60: B | W60: K | X60: K | Y60: B | Z60: B | AA60: B | AB60: B | AC60: B | AD60: B | AE60: B | AF60: B | AG60: B | AH60: B | AI60: B | AJ60: B | AK60: B | AL60: B | AM60: B | AN60: B | AO60: B | AP60: B | AQ60: B | AR60: B | AS60: Perlu | AU60: Ya | AW60: Ya | AX60: Ya | AY60: Ya | AZ60: Tidak | BA60: Tidak | BC60: B | BD60: Bahasa Inggris | BE60: -
B61: 2016 | C61: Sarjana | D61: S1 Sistem Informasi | E61: 10410110008 | F61: Michael Richie Panjaya | G61: Nemmy Wijaya | H61: 08125507393 | I61: ser_smd@yahoo.com | J61: PT. Samarinda Etam Jaya | K61: Jl. Mugirejo No 13 | L61: 08125507393 | M61: Jasa Aplicator Aluminium | N61: 1 | O61: 24 | P61: B | Q61: B | R61: B | S61: B | T61: B | U61: K | V61: B | W61: K | X61: B | Y61: B | Z61: B | AA61: B | AB61: K | AC61: B | AD61: B | AE61: K | AF61: B | AG61: B | AH61: B | AI61: B | AJ61: B | AK61: B | AL61: B | AM61: B | AN61: B | AO61: B | AP61: K | AQ61: B | AR61: B | AS61: Tidak | AT61: - | AU61: Tidak | AV61: - | AW61: Tidak | AX61: Ya | AY61: Ya | AZ61: Ya | BA61: Tidak | BB61: - | BC61: B | BD61: Pengembangan Diri | BE61: -
B62: 2016 | C62: Sarjana | D62: S1 Sistem Informasi | E62: 12410110019 | F62: Gilang Arizky Ramadhan | G62: Farid Firmansyah, S.Psi | H62: 081225182931 | I62: hrd.mssby@gmail.com | J62: PT. Mastrada surya | K62: Jl. Kusuma Bangsa no 15 Surabaya | L62: 031 - 5458802 | M62: Perdagangan / Bisnis | N62: 2 | O62: 17 | P62: SB | Q62: SB | R62: B | S62: SB | T62: SB | U62: SB | V62: SB | W62: SB | X62: SB | Y62: SB | Z62: SB | AA62: SB | AB62: SB | AC62: SB | AD62: SB | AE62: B | AF62: SB | AG62: SB | AH62: SB | AI62: SB | AJ62: SB | AK62: SB | AL62: SB | AM62: SB | AN62: SB | AO62: B | AP62: SB | AQ62: B | AR62: SB | AS62: Perlu | AT62: Materi Khusus Programming Berbasis Android | AU62: Ya | AV62: Pengembangan Divisi IT | AW62: Tidak | AX62: Tidak | AY62: Ya | AZ62: Ya | BA62: Tidak | BB62: Pelaksanaan Magang dan Job market Fair | BC62: SB | BD62: Update dalam hal kemampuan Programming | BE62: IQ > 100, Mampu Bekerja Cepat dan tahan dibawah Tekanan, Memiliki Kemampuan troubleshoot PC, Printer, dan Jaringan Serta Paham Bahasa Pemrograman, Memiliki Integritas dan Loyalitasyang B / Tinggi, memiliki kemampuan komunikasi yang B, kepada rekan kerja maupun atasan, memiliki Leadership / Karakter pemimpin yang Baik
B63: 2016 | C63: Sarjana | D63: S1 Teknik Komputer | E63: 12410200017 | F63: An Pherta Dhe Andy | G63: Imawan Sakti | H63: 085733008191 | I63: - | J63: PT. Damai Sentosa Cooking Oil | K63: Jl. Rungkut Industri IV no 21 Sbu | L63: 0318438238 | M63: Industri Minyak Sawit | N63: 1 | O63: 1 | P63: B | Q63: B | R63: B | S63: SB | T63: SB | U63: K | V63: B | W63: B | X63: B | Y63: B | Z63: B | AA63: SB | AB63: K | AC63: B | AD63: B | AE63: B | AF63: B | AG63: K | AH63: K | AI63: K | AJ63: B | AK63: B | AL63: SB | AM63: B | AN63: B | AO63: K | AP63: B | AQ63: B | AR63: B | AS63: Tidak Perlu | AU63: Ya | AW63: Tidak | AX63: Tidak | AY63: Tidak | AZ63: Tidak | BA63: Tidak | BC63: B | BD63: Bahasa Inggris, Komunikasi | BE63: Lulusan yang memiliki jiwa kepemimpinan, teliti dan Jujur Lulusan yang memiliki mental yang kuat, yang mampu bekerja dibawah tekanan dan cepat menyesuaikan diri di dunia industri
B64: 2016 | C64: Sarjana | D64: S1 Teknik Komputer | E64: 12410200078 | F64: Mukhamad Awaludin Fahmi | G64: Arni | H64: 021-29339331 | I64: info@mikrobot.com | J64: CV Pelopor Inovasi (Mikrobot) | K64: Apl. Office Tower Lt. 39, Unit T8, Central Park mall Jakarta 11470 | L64: 02129339331 | M64: Pendidikan, Jasa Pembuatan Sistem HRIS, Website POS, Dll | N64: 1 | O64: 1 | P64: B | Q64: B | R64: B | S64: B | T64: B | U64: B | V64: B | W64: B | X64: B | Y64: B | Z64: B | AA64: B | AB64: B | AC64: B | AD64: B | AE64: K | AF64: B | AG64: B | AH64: B | AI64: B | AJ64: B | AK64: B | AL64: B | AM64: B | AN64: B | AO64: B | AP64: B | AQ64: B | AR64: B | AS64: Tidak perlu | AU64: Ya | AV64: T | AW64: Tidak | AX64: Ya | AY64: Ya | AZ64: Tidak | BA64: Tidak | BB64: B | BC64: B | BD64: Bahasa Inggris | BE64: Lulusan Mahasiswa yang selalu update pada perkembangan teknologi informasi yang biasa digunakan oleh perusahaan dan sudah terbiasa nmembuat project untuk proigram perushaan
B65: 2016 | C65: Sarjana | D65: S1 Teknik Komputer | E65: 10410200087 | F65: Bunggi Rivan Artanto | G65: Sahaka Rumangia, S.Kom, Msi | H65: 08114959996 , 08129859996 | I65: rumagiasmkyapis999@gmail.com | J65: SMK yapis Timika | K65: Jl. Megaitara no 12 | L65: 09013260165 | M65: Pendidikan | N65: 1 | O65: 12 | P65: SB | Q65: SB | R65: SB | S65: SB | T65: SB | U65: SB | V65: SB | W65: B | X65: B | Y65: SB | Z65: SB | AA65: B | AB65: SB | AC65: SB | AD65: SB | AE65: SB | AF65: SB | AG65: SB | AH65: SB | AI65: SB | AJ65: SB | AK65: SB | AL65: SB | AM65: SB | AN65: SB | AO65: B | AP65: SB | AQ65: SB | AR65: B | AS65: Tidak Perlu | AT65: - | AU65: Ya | AV65: Yang berkompeten dalam jaringan dan multimedia | AW65: Ya | AX65: Ya | AY65: Ya | AZ65: Ya | BA65: Ya | BB65: - | BC65: SB | BD65: Bahasa Inggris | BE65: Yang menguasai bidang komputer, jaringan, multimedia dan pemrograman
B68: PERHITUNGAN UNIVERSITAS | I68: PERHITUNGAN FTI | AD68: PERHITUNGAN FDIK | AR68: PERHITUNGAN FEB
B70: Prodi | C70: Universitas | I70: Prodi | J70: S1 Teknik Komputer | P70: Prodi | Q70: S1 Sistem Informasi | W70: Prodi | X70: D3 Sistem Informasi | AD70: Prodi | AE70: S1 Desain Komunikasi Visual | AK70: Prodi | AL70: D4 Produksi Film dan Televisi | AR70: Prodi | AS70: D3 Administrasi Perkantoran
B71: Tahun Lulus | C71: 2016 | I71: Tahun Lulus | J71: 2016 | P71: Tahun Lulus | Q71: 2016 | W71: Tahun Lulus | X71: 2016 | AD71: Tahun Lulus | AE71: 2016 | AK71: Tahun Lulus | AL71: 2016 | AR71: Tahun Lulus | AS71: 2016
B72: Jumlah Resp | C72: =COUNTIF(TblUniv2016[th lulus],C71) -> 63 | I72: Jumlah Resp | J72: =COUNTIFS(TblUniv2016[th lulus],J71,TblUniv2016[Prodi],J70) -> 3 | P72: Jumlah Resp | Q72: =COUNTIFS(TblUniv2016[th lulus],Q71,TblUniv2016[Prodi],Q70) -> 47 | W72: Jumlah Resp | X72: =COUNTIFS(TblUniv2016[th lulus],X71,TblUniv2016[Prodi],X70) -> 4 | AD72: Jumlah Resp | AE72: =COUNTIFS(TblUniv2016[th lulus],AE71,TblUniv2016[Prodi],AE70) -> 6 | AK72: Jumlah Resp | AL72: =COUNTIFS(TblUniv2016[th lulus],AL71,TblUniv2016[Prodi],AL70) -> 1 | AR72: Jumlah Resp | AS72: =COUNTIFS(TblUniv2016[th lulus],AS71,TblUniv2016[Prodi],AS70) -> 2
C73: SB | D73: B | E73: K | F73: SK | J73: SB | K73: B | L73: K | M73: SK | Q73: SB | R73: B | S73: K | T73: SK | X73: SB | Y73: B | Z73: K | AA73: SK | AE73: SB | AF73: B | AG73: K | AH73: SK | AL73: SB | AM73: B | AN73: K | AO73: SK | AS73: SB | AT73: B | AU73: K | AV73: SK
B74: B1 | C74: =COUNTIFS(TblUniv2016[B1],$C$73)/$C$72*100% -> 0.36507937 | D74: =COUNTIFS(TblUniv2016[B1],$D$73)/C72*100% -> 0.61904762 | E74: =COUNTIFS(TblUniv2016[B1],$E$73)/C72*100% -> 0.015873016 | F74: =COUNTIFS(TblUniv2016[B1],$F$73)/C72*100% -> 0 | G74: =SUM(C74:F74) -> 1 | I74: B1 | J74: =COUNTIFS(TblUniv2016[B1],J$73,TblUniv2016[Prodi],$J$70)/$J$72*100% -> 0.33333333 | K74: =COUNTIFS(TblUniv2016[B1],K$73,TblUniv2016[Prodi],$J$70)/$J$72*100% -> 0.66666667 | L74: =COUNTIFS(TblUniv2016[B1],L$73,TblUniv2016[Prodi],$J$70)/$J$72*100% -> 0 | M74: =COUNTIFS(TblUniv2016[B1],M$73,TblUniv2016[Prodi],$J$70)/$J$72*100% -> 0 | N74: =SUM(J74:M74) -> 1 | P74: B1 | Q74: =COUNTIFS(TblUniv2016[B1],Q$73,TblUniv2016[Prodi],$Q$70)/$Q$72*100% -> 0.38297872 | R74: =COUNTIFS(TblUniv2016[B1],R$73,TblUniv2016[Prodi],$Q$70)/$Q$72*100% -> 0.61702128 | S74: =COUNTIFS(TblUniv2016[B1],S$73,TblUniv2016[Prodi],$Q$70)/$Q$72*100% -> 0 | T74: =COUNTIFS(TblUniv2016[B1],T$73,TblUniv2016[Prodi],$Q$70)/$Q$72*100% -> 0 | U74: =SUM(Q74:T74) -> 1 | W74: B1 | X74: =COUNTIFS(TblUniv2016[B1],X$73,TblUniv2016[Prodi],$X$70)/$X$72*100% -> 0.25 | Y74: =COUNTIFS(TblUniv2016[B1],Y$73,TblUniv2016[Prodi],$X$70)/$X$72*100% -> 0.75 | Z74: =COUNTIFS(TblUniv2016[B1],Z$73,TblUniv2016[Prodi],$X$70)/$X$72*100% -> 0 | AA74: =COUNTIFS(TblUniv2016[B1],AA$73,TblUniv2016[Prodi],$X$70)/$X$72*100% -> 0 | AB74: =SUM(X74:AA74) -> 1 | AD74: B1 | AE74: =COUNTIFS(TblUniv2016[B1],AE$73,TblUniv2016[Prodi],$AE$70)/$AE$72*100% -> 0 | AF74: =COUNTIFS(TblUniv2016[B1],AF$73,TblUniv2016[Prodi],$AE$70)/$AE$72*100% -> 0.83333333 | AG74: =COUNTIFS(TblUniv2016[B1],AG$73,TblUniv2016[Prodi],$AE$70)/$AE$72*100% -> 0.16666667 | AH74: =COUNTIFS(TblUniv2016[B1],AH$73,TblUniv2016[Prodi],$AE$70)/$AE$72*100% -> 0 | AI74: =SUM(AE74:AH74) -> 1 | AK74: B1 | AL74: =COUNTIFS(TblUniv2016[B1],AL$73,TblUniv2016[Prodi],$AL$70)/$AL$72*100% -> 1 | AM74: =COUNTIFS(TblUniv2016[B1],AM$73,TblUniv2016[Prodi],$AL$70)/$AL$72*100% -> 0 | AN74: =COUNTIFS(TblUniv2016[B1],AN$73,TblUniv2016[Prodi],$AL$70)/$AL$72*100% -> 0 | AO74: =COUNTIFS(TblUniv2016[B1],AO$73,TblUniv2016[Prodi],$AL$70)/$AL$72*100% -> 0 | AP74: =SUM(AL74:AO74) -> 1 | AR74: B1 | AS74: =COUNTIFS(TblUniv2016[B1],AS$73,TblUniv2016[Prodi],$AS$70)/$AS$72*100% -> 1 | AT74: =COUNTIFS(TblUniv2016[B1],AT$73,TblUniv2016[Prodi],$AS$70)/$AS$72*100% -> 0 | AU74: =COUNTIFS(TblUniv2016[B1],AU$73,TblUniv2016[Prodi],$AS$70)/$AS$72*100% -> 0 | AV74: =COUNTIFS(TblUniv2016[B1],AV$73,TblUniv2016[Prodi],$AS$70)/$AS$72*100% -> 0 | AW74: =SUM(AS74:AV74) -> 1
B75: B2 | C75: =COUNTIFS(TblUniv2016[B2],$C$73)/C72*100% -> 0.53968254 | D75: =COUNTIFS(TblUniv2016[B2],$D$73)/C72*100% -> 0.46031746 | E75: =COUNTIFS(TblUniv2016[B2],$E$73)/C72*100% -> 0 | F75: =COUNTIFS(TblUniv2016[B2],$F$73)/C72*100% -> 0 | G75: =SUM(C75:F75) -> 1 | I75: B2 | J75: =COUNTIFS(TblUniv2016[B2],J$73,TblUniv2016[Prodi],$J$70)/$J$72*100% -> 0.33333333 | K75: =COUNTIFS(TblUniv2016[B2],K$73,TblUniv2016[Prodi],$J$70)/$J$72*100% -> 0.66666667 | L75: =COUNTIFS(TblUniv2016[B2],L$73,TblUniv2016[Prodi],$J$70)/$J$72*100% -> 0 | M75: =COUNTIFS(TblUniv2016[B2],M$73,TblUniv2016[Prodi],$J$70)/$J$72*100% -> 0 | N75: =SUM(J75:M75) -> 1 | P75: B2 | Q75: =COUNTIFS(TblUniv2016[B2],Q$73,TblUniv2016[Prodi],$Q$70)/$Q$72*100% -> 0.59574468 | R75: =COUNTIFS(TblUniv2016[B2],R$73,TblUniv2016[Prodi],$Q$70)/$Q$72*100% -> 0.40425532 | S75: =COUNTIFS(TblUniv2016[B2],S$73,TblUniv2016[Prodi],$Q$70)/$Q$72*100% -> 0 | T75: =COUNTIFS(TblUniv2016[B2],T$73,TblUniv2016[Prodi],$Q$70)/$Q$72*100% -> 0 | U75: =SUM(Q75:T75) -> 1 | W75: B2 | X75: =COUNTIFS(TblUniv2016[B2],X$73,TblUniv2016[Prodi],$X$70)/$X$72*100% -> 0.5 | Y75: =COUNTIFS(TblUniv2016[B2],Y$73,TblUniv2016[Prodi],$X$70)/$X$72*100% -> 0.5 | Z75: =COUNTIFS(TblUniv2016[B2],Z$73,TblUniv2016[Prodi],$X$70)/$X$72*100% -> 0 | AA75: =COUNTIFS(TblUniv2016[B2],AA$73,TblUniv2016[Prodi],$X$70)/$X$72*100% -> 0 | AB75: =SUM(X75:AA75) -> 1 | AD75: B2 | AE75: =COUNTIFS(TblUniv2016[B2],AE$73,TblUniv2016[Prodi],$AE$70)/$AE$72*100% -> 0.16666667 | AF75: =COUNTIFS(TblUniv2016[B2],AF$73,TblUniv2016[Prodi],$AE$70)/$AE$72*100% -> 0.83333333 | AG75: =COUNTIFS(TblUniv2016[B2],AG$73,TblUniv2016[Prodi],$AE$70)/$AE$72*100% -> 0 | AH75: =COUNTIFS(TblUniv2016[B2],AH$73,TblUniv2016[Prodi],$AE$70)/$AE$72*100% -> 0 | AI75: =SUM(AE75:AH75) -> 1 | AK75: B2 | AL75: =COUNTIFS(TblUniv2016[B2],AL$73,TblUniv2016[Prodi],$AL$70)/$AL$72*100% -> 1 | AM75: =COUNTIFS(TblUniv2016[B2],AM$73,TblUniv2016[Prodi],$AL$70)/$AL$72*100% -> 0 | AN75: =COUNTIFS(TblUniv2016[B2],AN$73,TblUniv2016[Prodi],$AL$70)/$AL$72*100% -> 0 | AO75: =COUNTIFS(TblUniv2016[B2],AO$73,TblUniv2016[Prodi],$AL$70)/$AL$72*100% -> 0 | AP75: =SUM(AL75:AO75) -> 1 | AR75: B2 | AS75: =COUNTIFS(TblUniv2016[B2],AS$73,TblUniv2016[Prodi],$AS$70)/$AS$72*100% -> 0.5 | AT75: =COUNTIFS(TblUniv2016[B2],AT$73,TblUniv2016[Prodi],$AS$70)/$AS$72*100% -> 0.5 | AU75: =COUNTIFS(TblUniv2016[B2],AU$73,TblUniv2016[Prodi],$AS$70)/$AS$72*100% -> 0 | AV75: =COUNTIFS(TblUniv2016[B2],AV$73,TblUniv2016[Prodi],$AS$70)/$AS$72*100% -> 0 | AW75: =SUM(AS75:AV75) -> 1
B76: B3 | C76: =COUNTIFS(TblUniv2016[B3],$C$73)/C72*100% -> 0.3015873 | D76: =COUNTIFS(TblUniv2016[B3],$D$73)/C72*100% -> 0.68253968 | E76: =COUNTIFS(TblUniv2016[B3],$E$73)/C72*100% -> 0.015873016 | F76: =COUNTIFS(TblUniv2016[B3],$F$73)/C72*100% -> 0 | G76: =SUM(C76:F76) -> 1 | I76: B3 | J76: =COUNTIFS(TblUniv2016[B3],J$73,TblUniv2016[Prodi],$J$70)/$J$72*100% -> 0.33333333 | K76: =COUNTIFS(TblUniv2016[B3],K$73,TblUniv2016[Prodi],$J$70)/$J$72*100% -> 0.66666667 | L76: =COUNTIFS(TblUniv2016[B3],L$73,TblUniv2016[Prodi],$J$70)/$J$72*100% -> 0 | M76: =COUNTIFS(TblUniv2016[B3],M$73,TblUniv2016[Prodi],$J$70)/$J$72*100% -> 0 | N76: =SUM(J76:M76) -> 1 | P76: B3 | Q76: =COUNTIFS(TblUniv2016[B3],Q$73,TblUniv2016[Prodi],$Q$70)/$Q$72*100% -> 0.34042553 | R76: =COUNTIFS(TblUniv2016[B3],R$73,TblUniv2016[Prodi],$Q$70)/$Q$72*100% -> 0.65957447 | S76: =COUNTIFS(TblUniv2016[B3],S$73,TblUniv2016[Prodi],$Q$70)/$Q$72*100% -> 0 | T76: =COUNTIFS(TblUniv2016[B3],T$73,TblUniv2016[Prodi],$Q$70)/$Q$72*100% -> 0 | U76: =SUM(Q76:T76) -> 1 | W76: B3 | X76: =COUNTIFS(TblUniv2016[B3],X$73,TblUniv2016[Prodi],$X$70)/$X$72*100% -> 0 | Y76: =COUNTIFS(TblUniv2016[B3],Y$73,TblUniv2016[Prodi],$X$70)/$X$72*100% -> 1 | Z76: =COUNTIFS(TblUniv2016[B3],Z$73,TblUniv2016[Prodi],$X$70)/$X$72*100% -> 0 | AA76: =COUNTIFS(TblUniv2016[B3],AA$73,TblUniv2016[Prodi],$X$70)/$X$72*100% -> 0 | AB76: =SUM(X76:AA76) -> 1 | AD76: B3 | AE76: =COUNTIFS(TblUniv2016[B3],AE$73,TblUniv2016[Prodi],$AE$70)/$AE$72*100% -> 0 | AF76: =COUNTIFS(TblUniv2016[B3],AF$73,TblUniv2016[Prodi],$AE$70)/$AE$72*100% -> 0.83333333 | AG76: =COUNTIFS(TblUniv2016[B3],AG$73,TblUniv2016[Prodi],$AE$70)/$AE$72*100% -> 0.16666667 | AH76: =COUNTIFS(TblUniv2016[B3],AH$73,TblUniv2016[Prodi],$AE$70)/$AE$72*100% -> 0 | AI76: =SUM(AE76:AH76) -> 1 | AK76: B3 | AL76: =COUNTIFS(TblUniv2016[B3],AL$73,TblUniv2016[Prodi],$AL$70)/$AL$72*100% -> 1 | AM76: =COUNTIFS(TblUniv2016[B3],AM$73,TblUniv2016[Prodi],$AL$70)/$AL$72*100% -> 0 | AN76: =COUNTIFS(TblUniv2016[B3],AN$73,TblUniv2016[Prodi],$AL$70)/$AL$72*100% -> 0 | AO76: =COUNTIFS(TblUniv2016[B3],AO$73,TblUniv2016[Prodi],$AL$70)/$AL$72*100% -> 0 | AP76: =SUM(AL76:AO76) -> 1 | AR76: B3 | AS76: =COUNTIFS(TblUniv2016[B3],AS$73,TblUniv2016[Prodi],$AS$70)/$AS$72*100% -> 0.5 | AT76: =COUNTIFS(TblUniv2016[B3],AT$73,TblUniv2016[Prodi],$AS$70)/$AS$72*100% -> 0.5 | AU76: =COUNTIFS(TblUniv2016[B3],AU$73,TblUniv2016[Prodi],$AS$70)/$AS$72*100% -> 0 | AV76: =COUNTIFS(TblUniv2016[B3],AV$73,TblUniv2016[Prodi],$AS$70)/$AS$72*100% -> 0 | AW76: =SUM(AS76:AV76) -> 1
B77: B4 | C77: =COUNTIFS(TblUniv2016[B4],$C$73)/C72*100% -> 0.53968254 | D77: =COUNTIFS(TblUniv2016[B4],$D$73)/C72*100% -> 0.46031746 | E77: =COUNTIFS(TblUniv2016[B4],$E$73)/C72*100% -> 0 | F77: =COUNTIFS(TblUniv2016[B4],$F$73)/C72*100% -> 0 | G77: =SUM(C77:F77) -> 1 | I77: B4 | J77: =COUNTIFS(TblUniv2016[B4],J$73,TblUniv2016[Prodi],$J$70)/$J$72*100% -> 0.66666667 | K77: =COUNTIFS(TblUniv2016[B4],K$73,TblUniv2016[Prodi],$J$70)/$J$72*100% -> 0.33333333 | L77: =COUNTIFS(TblUniv2016[B4],L$73,TblUniv2016[Prodi],$J$70)/$J$72*100% -> 0 | M77: =COUNTIFS(TblUniv2016[B4],M$73,TblUniv2016[Prodi],$J$70)/$J$72*100% -> 0 | N77: =SUM(J77:M77) -> 1 | P77: B4 | Q77: =COUNTIFS(TblUniv2016[B4],Q$73,TblUniv2016[Prodi],$Q$70)/$Q$72*100% -> 0.57446809 | R77: =COUNTIFS(TblUniv2016[B4],R$73,TblUniv2016[Prodi],$Q$70)/$Q$72*100% -> 0.42553191 | S77: =COUNTIFS(TblUniv2016[B4],S$73,TblUniv2016[Prodi],$Q$70)/$Q$72*100% -> 0 | T77: =COUNTIFS(TblUniv2016[B4],T$73,TblUniv2016[Prodi],$Q$70)/$Q$72*100% -> 0 | U77: =SUM(Q77:T77) -> 1 | W77: B4 | X77: =COUNTIFS(TblUniv2016[B4],X$73,TblUniv2016[Prodi],$X$70)/$X$72*100% -> 0.25 | Y77: =COUNTIFS(TblUniv2016[B4],Y$73,TblUniv2016[Prodi],$X$70)/$X$72*100% -> 0.75 | Z77: =COUNTIFS(TblUniv2016[B4],Z$73,TblUniv2016[Prodi],$X$70)/$X$72*100% -> 0 | AA77: =COUNTIFS(TblUniv2016[B4],AA$73,TblUniv2016[Prodi],$X$70)/$X$72*100% -> 0 | AB77: =SUM(X77:AA77) -> 1 | AD77: B4 | AE77: =COUNTIFS(TblUniv2016[B4],AE$73,TblUniv2016[Prodi],$AE$70)/$AE$72*100% -> 0.33333333 | AF77: =COUNTIFS(TblUniv2016[B4],AF$73,TblUniv2016[Prodi],$AE$70)/$AE$72*100% -> 0.66666667 | AG77: =COUNTIFS(TblUniv2016[B4],AG$73,TblUniv2016[Prodi],$AE$70)/$AE$72*100% -> 0 | AH77: =COUNTIFS(TblUniv2016[B4],AH$73,TblUniv2016[Prodi],$AE$70)/$AE$72*100% -> 0 | AI77: =SUM(AE77:AH77) -> 1 | AK77: B4 | AL77: =COUNTIFS(TblUniv2016[B4],AL$73,TblUniv2016[Prodi],$AL$70)/$AL$72*100% -> 1 | AM77: =COUNTIFS(TblUniv2016[B4],AM$73,TblUniv2016[Prodi],$AL$70)/$AL$72*100% -> 0 | AN77: =COUNTIFS(TblUniv2016[B4],AN$73,TblUniv2016[Prodi],$AL$70)/$AL$72*100% -> 0 | AO77: =COUNTIFS(TblUniv2016[B4],AO$73,TblUniv2016[Prodi],$AL$70)/$AL$72*100% -> 0 | AP77: =SUM(AL77:AO77) -> 1 | AR77: B4 | AS77: =COUNTIFS(TblUniv2016[B4],AS$73,TblUniv2016[Prodi],$AS$70)/$AS$72*100% -> 0.5 | AT77: =COUNTIFS(TblUniv2016[B4],AT$73,TblUniv2016[Prodi],$AS$70)/$AS$72*100% -> 0.5 | AU77: =COUNTIFS(TblUniv2016[B4],AU$73,TblUniv2016[Prodi],$AS$70)/$AS$72*100% -> 0 | AV77: =COUNTIFS(TblUniv2016[B4],AV$73,TblUniv2016[Prodi],$AS$70)/$AS$72*100% -> 0 | AW77: =SUM(AS77:AV77) -> 1
B78: B5 | C78: =COUNTIFS(TblUniv2016[B5],$C$73)/C72*100% -> 0.57142857 | D78: =COUNTIFS(TblUniv2016[B5],$D$73)/C72*100% -> 0.42857143 | E78: =COUNTIFS(TblUniv2016[B5],$E$73)/C72*100% -> 0 | F78: =COUNTIFS(TblUniv2016[B5],$F$73)/C72*100% -> 0 | G78: =SUM(C78:F78) -> 1 | I78: B5 | J78: =COUNTIFS(TblUniv2016[B5],J$73,TblUniv2016[Prodi],$J$70)/$J$72*100% -> 0.66666667 | K78: =COUNTIFS(TblUniv2016[B5],K$73,TblUniv2016[Prodi],$J$70)/$J$72*100% -> 0.33333333 | L78: =COUNTIFS(TblUniv2016[B5],L$73,TblUniv2016[Prodi],$J$70)/$J$72*100% -> 0 | M78: =COUNTIFS(TblUniv2016[B5],M$73,TblUniv2016[Prodi],$J$70)/$J$72*100% -> 0 | N78: =SUM(J78:M78) -> 1 | P78: B5 | Q78: =COUNTIFS(TblUniv2016[B5],Q$73,TblUniv2016[Prodi],$Q$70)/$Q$72*100% -> 0.59574468 | R78: =COUNTIFS(TblUniv2016[B5],R$73,TblUniv2016[Prodi],$Q$70)/$Q$72*100% -> 0.40425532 | S78: =COUNTIFS(TblUniv2016[B5],S$73,TblUniv2016[Prodi],$Q$70)/$Q$72*100% -> 0 | T78: =COUNTIFS(TblUniv2016[B5],T$73,TblUniv2016[Prodi],$Q$70)/$Q$72*100% -> 0 | U78: =SUM(Q78:T78) -> 1 | W78: B5 | X78: =COUNTIFS(TblUniv2016[B5],X$73,TblUniv2016[Prodi],$X$70)/$X$72*100% -> 0.75 | Y78: =COUNTIFS(TblUniv2016[B5],Y$73,TblUniv2016[Prodi],$X$70)/$X$72*100% -> 0.25 | Z78: =COUNTIFS(TblUniv2016[B5],Z$73,TblUniv2016[Prodi],$X$70)/$X$72*100% -> 0 | AA78: =COUNTIFS(TblUniv2016[B5],AA$73,TblUniv2016[Prodi],$X$70)/$X$72*100% -> 0 | AB78: =SUM(X78:AA78) -> 1 | AD78: B5 | AE78: =COUNTIFS(TblUniv2016[B5],AE$73,TblUniv2016[Prodi],$AE$70)/$AE$72*100% -> 0 | AF78: =COUNTIFS(TblUniv2016[B5],AF$73,TblUniv2016[Prodi],$AE$70)/$AE$72*100% -> 1 | AG78: =COUNTIFS(TblUniv2016[B5],AG$73,TblUniv2016[Prodi],$AE$70)/$AE$72*100% -> 0 | AH78: =COUNTIFS(TblUniv2016[B5],AH$73,TblUniv2016[Prodi],$AE$70)/$AE$72*100% -> 0 | AI78: =SUM(AE78:AH78) -> 1 | AK78: B5 | AL78: =COUNTIFS(TblUniv2016[B5],AL$73,TblUniv2016[Prodi],$AL$70)/$AL$72*100% -> 1 | AM78: =COUNTIFS(TblUniv2016[B5],AM$73,TblUniv2016[Prodi],$AL$70)/$AL$72*100% -> 0 | AN78: =COUNTIFS(TblUniv2016[B5],AN$73,TblUniv2016[Prodi],$AL$70)/$AL$72*100% -> 0 | AO78: =COUNTIFS(TblUniv2016[B5],AO$73,TblUniv2016[Prodi],$AL$70)/$AL$72*100% -> 0 | AP78: =SUM(AL78:AO78) -> 1 | AR78: B5 | AS78: =COUNTIFS(TblUniv2016[B5],AS$73,TblUniv2016[Prodi],$AS$70)/$AS$72*100% -> 1 | AT78: =COUNTIFS(TblUniv2016[B5],AT$73,TblUniv2016[Prodi],$AS$70)/$AS$72*100% -> 0 | AU78: =COUNTIFS(TblUniv2016[B5],AU$73,TblUniv2016[Prodi],$AS$70)/$AS$72*100% -> 0 | AV78: =COUNTIFS(TblUniv2016[B5],AV$73,TblUniv2016[Prodi],$AS$70)/$AS$72*100% -> 0 | AW78: =SUM(AS78:AV78) -> 1
C79: =AVERAGE(C74:C78) -> 0.46349206 | D79: =AVERAGE(D74:D78) -> 0.53015873 | E79: =AVERAGE(E74:E78) -> 0.0063492063 | F79: =AVERAGE(F74:F78) -> 0 | G79: =SUM(C79:F79) -> 1 | J79: =AVERAGE(J74:J78) -> 0.46666667 | K79: =AVERAGE(K74:K78) -> 0.53333333 | L79: =AVERAGE(L74:L78) -> 0 | M79: =AVERAGE(M74:M78) -> 0 | N79: =SUM(J79:M79) -> 1 | Q79: =AVERAGE(Q74:Q78) -> 0.49787234 | R79: =AVERAGE(R74:R78) -> 0.50212766 | S79: =AVERAGE(S74:S78) -> 0 | T79: =AVERAGE(T74:T78) -> 0 | U79: =SUM(Q79:T79) -> 1 | X79: =AVERAGE(X74:X78) -> 0.35 | Y79: =AVERAGE(Y74:Y78) -> 0.65 | Z79: =AVERAGE(Z74:Z78) -> 0 | AA79: =AVERAGE(AA74:AA78) -> 0 | AB79: =SUM(X79:AA79) -> 1 | AE79: =AVERAGE(AE74:AE78) -> 0.1 | AF79: =AVERAGE(AF74:AF78) -> 0.83333333 | AG79: =AVERAGE(AG74:AG78) -> 0.066666667 | AH79: =AVERAGE(AH74:AH78) -> 0 | AI79: =SUM(AE79:AH79) -> 1 | AL79: =AVERAGE(AL74:AL78) -> 1 | AM79: =AVERAGE(AM74:AM78) -> 0 | AN79: =AVERAGE(AN74:AN78) -> 0 | AO79: =AVERAGE(AO74:AO78) -> 0 | AP79: =SUM(AL79:AO79) -> 1 | AS79: =AVERAGE(AS74:AS78) -> 0.7 | AT79: =AVERAGE(AT74:AT78) -> 0.3 | AU79: =AVERAGE(AU74:AU78) -> 0 | AV79: =AVERAGE(AV74:AV78) -> 0 | AW79: =SUM(AS79:AV79) -> 1
B80: C1 | C80: =COUNTIFS(TblUniv2016[C1],$C$73)/$C$72*100% -> 0.33333333 | D80: =COUNTIFS(TblUniv2016[C1],$D$73)/$C$72*100% -> 0.58730159 | E80: =COUNTIFS(TblUniv2016[C1],$E$73)/$C$72*100% -> 0.079365079 | F80: =COUNTIFS(TblUniv2016[C1],$F$73)/$C$72*100% -> 0 | G80: =SUM(C80:F80) -> 1 | I80: C1 | J80: =COUNTIFS(TblUniv2016[C1],J$73,TblUniv2016[Prodi],$J$70)/$J$72*100% -> 0.33333333 | K80: =COUNTIFS(TblUniv2016[C1],K$73,TblUniv2016[Prodi],$J$70)/$J$72*100% -> 0.33333333 | L80: =COUNTIFS(TblUniv2016[C1],L$73,TblUniv2016[Prodi],$J$70)/$J$72*100% -> 0.33333333 | M80: =COUNTIFS(TblUniv2016[C1],M$73,TblUniv2016[Prodi],$J$70)/$J$72*100% -> 0 | N80: =SUM(J80:M80) -> 1 | P80: C1 | Q80: =COUNTIFS(TblUniv2016[C1],Q$73,TblUniv2016[Prodi],$Q$70)/$Q$72*100% -> 0.38297872 | R80: =COUNTIFS(TblUniv2016[C1],R$73,TblUniv2016[Prodi],$Q$70)/$Q$72*100% -> 0.55319149 | S80: =COUNTIFS(TblUniv2016[C1],S$73,TblUniv2016[Prodi],$Q$70)/$Q$72*100% -> 0.063829787 | T80: =COUNTIFS(TblUniv2016[C1],T$73,TblUniv2016[Prodi],$Q$70)/$Q$72*100% -> 0 | U80: =SUM(Q80:T80) -> 1 | W80: C1 | X80: =COUNTIFS(TblUniv2016[C1],X$73,TblUniv2016[Prodi],$X$70)/$X$72*100% -> 0.25 | Y80: =COUNTIFS(TblUniv2016[C1],Y$73,TblUniv2016[Prodi],$X$70)/$X$72*100% -> 0.75 | Z80: =COUNTIFS(TblUniv2016[C1],Z$73,TblUniv2016[Prodi],$X$70)/$X$72*100% -> 0 | AA80: =COUNTIFS(TblUniv2016[C1],AA$73,TblUniv2016[Prodi],$X$70)/$X$72*100% -> 0 | AB80: =SUM(X80:AA80) -> 1 | AD80: C1 | AE80: =COUNTIFS(TblUniv2016[C1],AE$73,TblUniv2016[Prodi],$AE$70)/$AE$72*100% -> 0.16666667 | AF80: =COUNTIFS(TblUniv2016[C1],AF$73,TblUniv2016[Prodi],$AE$70)/$AE$72*100% -> 0.83333333 | AG80: =COUNTIFS(TblUniv2016[C1],AG$73,TblUniv2016[Prodi],$AE$70)/$AE$72*100% -> 0 | AH80: =COUNTIFS(TblUniv2016[C1],AH$73,TblUniv2016[Prodi],$AE$70)/$AE$72*100% -> 0 | AI80: =SUM(AE80:AH80) -> 1 | AK80: C1 | AL80: =COUNTIFS(TblUniv2016[C1],AL$73,TblUniv2016[Prodi],$AL$70)/$AL$72*100% -> 0 | AM80: =COUNTIFS(TblUniv2016[C1],AM$73,TblUniv2016[Prodi],$AL$70)/$AL$72*100% -> 1 | AN80: =COUNTIFS(TblUniv2016[C1],AN$73,TblUniv2016[Prodi],$AL$70)/$AL$72*100% -> 0 | AO80: =COUNTIFS(TblUniv2016[C1],AO$73,TblUniv2016[Prodi],$AL$70)/$AL$72*100% -> 0 | AP80: =SUM(AL80:AO80) -> 1 | AR80: C1 | AS80: =COUNTIFS(TblUniv2016[C1],AS$73,TblUniv2016[Prodi],$AS$70)/$AS$72*100% -> 0 | AT80: =COUNTIFS(TblUniv2016[C1],AT$73,TblUniv2016[Prodi],$AS$70)/$AS$72*100% -> 0.5 | AU80: =COUNTIFS(TblUniv2016[C1],AU$73,TblUniv2016[Prodi],$AS$70)/$AS$72*100% -> 0.5 | AV80: =COUNTIFS(TblUniv2016[C1],AV$73,TblUniv2016[Prodi],$AS$70)/$AS$72*100% -> 0 | AW80: =SUM(AS80:AV80) -> 1
B81: C2 | C81: =COUNTIFS(TblUniv2016[C2],C$73)/$C$72*100% -> 0.42857143 | D81: =COUNTIFS(TblUniv2016[C2],D$73)/$C$72*100% -> 0.57142857 | E81: =COUNTIFS(TblUniv2016[C2],E$73)/$C$72*100% -> 0 | F81: =COUNTIFS(TblUniv2016[C2],F$73)/$C$72*100% -> 0 | G81: =SUM(C81:F81) -> 1 | I81: C2 | J81: =COUNTIFS(TblUniv2016[C2],J$73,TblUniv2016[Prodi],$J$70)/$J$72*100% -> 0.33333333 | K81: =COUNTIFS(TblUniv2016[C2],K$73,TblUniv2016[Prodi],$J$70)/$J$72*100% -> 0.66666667 | L81: =COUNTIFS(TblUniv2016[C2],L$73,TblUniv2016[Prodi],$J$70)/$J$72*100% -> 0 | M81: =COUNTIFS(TblUniv2016[C2],M$73,TblUniv2016[Prodi],$J$70)/$J$72*100% -> 0 | N81: =SUM(J81:M81) -> 1 | P81: C2 | Q81: =COUNTIFS(TblUniv2016[C2],Q$73,TblUniv2016[Prodi],$Q$70)/$Q$72*100% -> 0.46808511 | R81: =COUNTIFS(TblUniv2016[C2],R$73,TblUniv2016[Prodi],$Q$70)/$Q$72*100% -> 0.53191489 | S81: =COUNTIFS(TblUniv2016[C2],S$73,TblUniv2016[Prodi],$Q$70)/$Q$72*100% -> 0 | T81: =COUNTIFS(TblUniv2016[C2],T$73,TblUniv2016[Prodi],$Q$70)/$Q$72*100% -> 0 | U81: =SUM(Q81:T81) -> 1 | W81: C2 | X81: =COUNTIFS(TblUniv2016[C2],X$73,TblUniv2016[Prodi],$X$70)/$X$72*100% -> 0.25 | Y81: =COUNTIFS(TblUniv2016[C2],Y$73,TblUniv2016[Prodi],$X$70)/$X$72*100% -> 0.75 | Z81: =COUNTIFS(TblUniv2016[C2],Z$73,TblUniv2016[Prodi],$X$70)/$X$72*100% -> 0 | AA81: =COUNTIFS(TblUniv2016[C2],AA$73,TblUniv2016[Prodi],$X$70)/$X$72*100% -> 0 | AB81: =SUM(X81:AA81) -> 1 | AD81: C2 | AE81: =COUNTIFS(TblUniv2016[C2],AE$73,TblUniv2016[Prodi],$AE$70)/$AE$72*100% -> 0.16666667 | AF81: =COUNTIFS(TblUniv2016[C2],AF$73,TblUniv2016[Prodi],$AE$70)/$AE$72*100% -> 0.83333333 | AG81: =COUNTIFS(TblUniv2016[C2],AG$73,TblUniv2016[Prodi],$AE$70)/$AE$72*100% -> 0 | AH81: =COUNTIFS(TblUniv2016[C2],AH$73,TblUniv2016[Prodi],$AE$70)/$AE$72*100% -> 0 | AI81: =SUM(AE81:AH81) -> 1 | AK81: C2 | AL81: =COUNTIFS(TblUniv2016[C2],AL$73,TblUniv2016[Prodi],$AL$70)/$AL$72*100% -> 0 | AM81: =COUNTIFS(TblUniv2016[C2],AM$73,TblUniv2016[Prodi],$AL$70)/$AL$72*100% -> 1 | AN81: =COUNTIFS(TblUniv2016[C2],AN$73,TblUniv2016[Prodi],$AL$70)/$AL$72*100% -> 0 | AO81: =COUNTIFS(TblUniv2016[C2],AO$73,TblUniv2016[Prodi],$AL$70)/$AL$72*100% -> 0 | AP81: =SUM(AL81:AO81) -> 1 | AR81: C2 | AS81: =COUNTIFS(TblUniv2016[C2],AS$73,TblUniv2016[Prodi],$AS$70)/$AS$72*100% -> 1 | AT81: =COUNTIFS(TblUniv2016[C2],AT$73,TblUniv2016[Prodi],$AS$70)/$AS$72*100% -> 0 | AU81: =COUNTIFS(TblUniv2016[C2],AU$73,TblUniv2016[Prodi],$AS$70)/$AS$72*100% -> 0 | AV81: =COUNTIFS(TblUniv2016[C2],AV$73,TblUniv2016[Prodi],$AS$70)/$AS$72*100% -> 0 | AW81: =SUM(AS81:AV81) -> 1
C82: =AVERAGE(C80:C81) -> 0.38095238 | D82: =AVERAGE(D80:D81) -> 0.57936508 | E82: =AVERAGE(E80:E81) -> 0.03968254 | F82: =AVERAGE(F80:F81) -> 0 | G82: =SUM(C82:F82) -> 1 | J82: =AVERAGE(J80:J81) -> 0.33333333 | K82: =AVERAGE(K80:K81) -> 0.5 | L82: =AVERAGE(L80:L81) -> 0.16666667 | M82: =AVERAGE(M80:M81) -> 0 | N82: =SUM(J82:M82) -> 1 | Q82: =AVERAGE(Q80:Q81) -> 0.42553191 | R82: =AVERAGE(R80:R81) -> 0.54255319 | S82: =AVERAGE(S80:S81) -> 0.031914894 | T82: =AVERAGE(T80:T81) -> 0 | U82: =SUM(Q82:T82) -> 1 | X82: =AVERAGE(X80:X81) -> 0.25 | Y82: =AVERAGE(Y80:Y81) -> 0.75 | Z82: =AVERAGE(Z80:Z81) -> 0 | AA82: =AVERAGE(AA80:AA81) -> 0 | AB82: =SUM(X82:AA82) -> 1 | AE82: =AVERAGE(AE80:AE81) -> 0.16666667 | AF82: =AVERAGE(AF80:AF81) -> 0.83333333 | AG82: =AVERAGE(AG80:AG81) -> 0 | AH82: =AVERAGE(AH80:AH81) -> 0 | AI82: =SUM(AE82:AH82) -> 1 | AL82: =AVERAGE(AL80:AL81) -> 0 | AM82: =AVERAGE(AM80:AM81) -> 1 | AN82: =AVERAGE(AN80:AN81) -> 0 | AO82: =AVERAGE(AO80:AO81) -> 0 | AP82: =SUM(AL82:AO82) -> 1 | AS82: =AVERAGE(AS80:AS81) -> 0.5 | AT82: =AVERAGE(AT80:AT81) -> 0.25 | AU82: =AVERAGE(AU80:AU81) -> 0.25 | AV82: =AVERAGE(AV80:AV81) -> 0 | AW82: =SUM(AS82:AV82) -> 1
B83: D1 | C83: =COUNTIFS(TblUniv2016[D1],C$73)/$C$72*100% -> 0.095238095 | D83: =COUNTIFS(TblUniv2016[D1],D$73)/$C$72*100% -> 0.53968254 | E83: =COUNTIFS(TblUniv2016[D1],E$73)/$C$72*100% -> 0.34920635 | F83: =COUNTIFS(TblUniv2016[D1],F$73)/$C$72*100% -> 0.015873016 | G83: =SUM(C83:F83) -> 1 | I83: D1 | J83: =COUNTIFS(TblUniv2016[D1],J$73,TblUniv2016[Prodi],$J$70)/$J$72*100% -> 0 | K83: =COUNTIFS(TblUniv2016[D1],K$73,TblUniv2016[Prodi],$J$70)/$J$72*100% -> 1 | L83: =COUNTIFS(TblUniv2016[D1],L$73,TblUniv2016[Prodi],$J$70)/$J$72*100% -> 0 | M83: =COUNTIFS(TblUniv2016[D1],M$73,TblUniv2016[Prodi],$J$70)/$J$72*100% -> 0 | N83: =SUM(J83:M83) -> 1 | P83: D1 | Q83: =COUNTIFS(TblUniv2016[D1],Q$73,TblUniv2016[Prodi],$Q$70)/$Q$72*100% -> 0.10638298 | R83: =COUNTIFS(TblUniv2016[D1],R$73,TblUniv2016[Prodi],$Q$70)/$Q$72*100% -> 0.5106383 | S83: =COUNTIFS(TblUniv2016[D1],S$73,TblUniv2016[Prodi],$Q$70)/$Q$72*100% -> 0.38297872 | T83: =COUNTIFS(TblUniv2016[D1],T$73,TblUniv2016[Prodi],$Q$70)/$Q$72*100% -> 0 | U83: =SUM(Q83:T83) -> 1 | W83: D1 | X83: =COUNTIFS(TblUniv2016[D1],X$73,TblUniv2016[Prodi],$X$70)/$X$72*100% -> 0 | Y83: =COUNTIFS(TblUniv2016[D1],Y$73,TblUniv2016[Prodi],$X$70)/$X$72*100% -> 0.5 | Z83: =COUNTIFS(TblUniv2016[D1],Z$73,TblUniv2016[Prodi],$X$70)/$X$72*100% -> 0.5 | AA83: =COUNTIFS(TblUniv2016[D1],AA$73,TblUniv2016[Prodi],$X$70)/$X$72*100% -> 0 | AB83: =SUM(X83:AA83) -> 1 | AD83: D1 | AE83: =COUNTIFS(TblUniv2016[D1],AE$73,TblUniv2016[Prodi],$AE$70)/$AE$72*100% -> 0 | AF83: =COUNTIFS(TblUniv2016[D1],AF$73,TblUniv2016[Prodi],$AE$70)/$AE$72*100% -> 0.5 | AG83: =COUNTIFS(TblUniv2016[D1],AG$73,TblUniv2016[Prodi],$AE$70)/$AE$72*100% -> 0.33333333 | AH83: =COUNTIFS(TblUniv2016[D1],AH$73,TblUniv2016[Prodi],$AE$70)/$AE$72*100% -> 0.16666667 | AI83: =SUM(AE83:AH83) -> 1 | AK83: D1 | AL83: =COUNTIFS(TblUniv2016[D1],AL$73,TblUniv2016[Prodi],$AL$70)/$AL$72*100% -> 0 | AM83: =COUNTIFS(TblUniv2016[D1],AM$73,TblUniv2016[Prodi],$AL$70)/$AL$72*100% -> 1 | AN83: =COUNTIFS(TblUniv2016[D1],AN$73,TblUniv2016[Prodi],$AL$70)/$AL$72*100% -> 0 | AO83: =COUNTIFS(TblUniv2016[D1],AO$73,TblUniv2016[Prodi],$AL$70)/$AL$72*100% -> 0 | AP83: =SUM(AL83:AO83) -> 1 | AR83: D1 | AS83: =COUNTIFS(TblUniv2016[D1],AS$73,TblUniv2016[Prodi],$AS$70)/$AS$72*100% -> 0.5 | AT83: =COUNTIFS(TblUniv2016[D1],AT$73,TblUniv2016[Prodi],$AS$70)/$AS$72*100% -> 0.5 | AU83: =COUNTIFS(TblUniv2016[D1],AU$73,TblUniv2016[Prodi],$AS$70)/$AS$72*100% -> 0 | AV83: =COUNTIFS(TblUniv2016[D1],AV$73,TblUniv2016[Prodi],$AS$70)/$AS$72*100% -> 0 | AW83: =SUM(AS83:AV83) -> 1
B84: D2 | C84: =COUNTIFS(TblUniv2016[D2],C$73)/$C$72*100% -> 0.14285714 | D84: =COUNTIFS(TblUniv2016[D2],D$73)/$C$72*100% -> 0.6031746 | E84: =COUNTIFS(TblUniv2016[D2],E$73)/$C$72*100% -> 0.23809524 | F84: =COUNTIFS(TblUniv2016[D2],F$73)/$C$72*100% -> 0.015873016 | G84: =SUM(C84:F84) -> 1 | I84: D2 | J84: =COUNTIFS(TblUniv2016[D2],J$73,TblUniv2016[Prodi],$J$70)/$J$72*100% -> 0 | K84: =COUNTIFS(TblUniv2016[D2],K$73,TblUniv2016[Prodi],$J$70)/$J$72*100% -> 1 | L84: =COUNTIFS(TblUniv2016[D2],L$73,TblUniv2016[Prodi],$J$70)/$J$72*100% -> 0 | M84: =COUNTIFS(TblUniv2016[D2],M$73,TblUniv2016[Prodi],$J$70)/$J$72*100% -> 0 | N84: =SUM(J84:M84) -> 1 | P84: D2 | Q84: =COUNTIFS(TblUniv2016[D2],Q$73,TblUniv2016[Prodi],$Q$70)/$Q$72*100% -> 0.14893617 | R84: =COUNTIFS(TblUniv2016[D2],R$73,TblUniv2016[Prodi],$Q$70)/$Q$72*100% -> 0.61702128 | S84: =COUNTIFS(TblUniv2016[D2],S$73,TblUniv2016[Prodi],$Q$70)/$Q$72*100% -> 0.23404255 | T84: =COUNTIFS(TblUniv2016[D2],T$73,TblUniv2016[Prodi],$Q$70)/$Q$72*100% -> 0 | U84: =SUM(Q84:T84) -> 1 | W84: D2 | X84: =COUNTIFS(TblUniv2016[D2],X$73,TblUniv2016[Prodi],$X$70)/$X$72*100% -> 0 | Y84: =COUNTIFS(TblUniv2016[D2],Y$73,TblUniv2016[Prodi],$X$70)/$X$72*100% -> 0.5 | Z84: =COUNTIFS(TblUniv2016[D2],Z$73,TblUniv2016[Prodi],$X$70)/$X$72*100% -> 0.5 | AA84: =COUNTIFS(TblUniv2016[D2],AA$73,TblUniv2016[Prodi],$X$70)/$X$72*100% -> 0 | AB84: =SUM(X84:AA84) -> 1 | AD84: D2 | AE84: =COUNTIFS(TblUniv2016[D2],AE$73,TblUniv2016[Prodi],$AE$70)/$AE$72*100% -> 0.16666667 | AF84: =COUNTIFS(TblUniv2016[D2],AF$73,TblUniv2016[Prodi],$AE$70)/$AE$72*100% -> 0.33333333 | AG84: =COUNTIFS(TblUniv2016[D2],AG$73,TblUniv2016[Prodi],$AE$70)/$AE$72*100% -> 0.33333333 | AH84: =COUNTIFS(TblUniv2016[D2],AH$73,TblUniv2016[Prodi],$AE$70)/$AE$72*100% -> 0.16666667 | AI84: =SUM(AE84:AH84) -> 1 | AK84: D2 | AL84: =COUNTIFS(TblUniv2016[D2],AL$73,TblUniv2016[Prodi],$AL$70)/$AL$72*100% -> 0 | AM84: =COUNTIFS(TblUniv2016[D2],AM$73,TblUniv2016[Prodi],$AL$70)/$AL$72*100% -> 1 | AN84: =COUNTIFS(TblUniv2016[D2],AN$73,TblUniv2016[Prodi],$AL$70)/$AL$72*100% -> 0 | AO84: =COUNTIFS(TblUniv2016[D2],AO$73,TblUniv2016[Prodi],$AL$70)/$AL$72*100% -> 0 | AP84: =SUM(AL84:AO84) -> 1 | AR84: D2 | AS84: =COUNTIFS(TblUniv2016[D2],AS$73,TblUniv2016[Prodi],$AS$70)/$AS$72*100% -> 0.5 | AT84: =COUNTIFS(TblUniv2016[D2],AT$73,TblUniv2016[Prodi],$AS$70)/$AS$72*100% -> 0.5 | AU84: =COUNTIFS(TblUniv2016[D2],AU$73,TblUniv2016[Prodi],$AS$70)/$AS$72*100% -> 0 | AV84: =COUNTIFS(TblUniv2016[D2],AV$73,TblUniv2016[Prodi],$AS$70)/$AS$72*100% -> 0 | AW84: =SUM(AS84:AV84) -> 1
C85: =AVERAGE(C83:C84) -> 0.11904762 | D85: =AVERAGE(D83:D84) -> 0.57142857 | E85: =AVERAGE(E83:E84) -> 0.29365079 | F85: =AVERAGE(F83:F84) -> 0.015873016 | G85: =SUM(C85:F85) -> 1 | J85: =AVERAGE(J83:J84) -> 0 | K85: =AVERAGE(K83:K84) -> 1 | L85: =AVERAGE(L83:L84) -> 0 | M85: =AVERAGE(M83:M84) -> 0 | N85: =SUM(J85:M85) -> 1 | Q85: =AVERAGE(Q83:Q84) -> 0.12765957 | R85: =AVERAGE(R83:R84) -> 0.56382979 | S85: =AVERAGE(S83:S84) -> 0.30851064 | T85: =AVERAGE(T83:T84) -> 0 | U85: =SUM(Q85:T85) -> 1 | X85: =AVERAGE(X83:X84) -> 0 | Y85: =AVERAGE(Y83:Y84) -> 0.5 | Z85: =AVERAGE(Z83:Z84) -> 0.5 | AA85: =AVERAGE(AA83:AA84) -> 0 | AB85: =SUM(X85:AA85) -> 1 | AE85: =AVERAGE(AE83:AE84) -> 0.083333333 | AF85: =AVERAGE(AF83:AF84) -> 0.41666667 | AG85: =AVERAGE(AG83:AG84) -> 0.33333333 | AH85: =AVERAGE(AH83:AH84) -> 0.16666667 | AI85: =SUM(AE85:AH85) -> 1 | AL85: =AVERAGE(AL83:AL84) -> 0 | AM85: =AVERAGE(AM83:AM84) -> 1 | AN85: =AVERAGE(AN83:AN84) -> 0 | AO85: =AVERAGE(AO83:AO84) -> 0 | AP85: =SUM(AL85:AO85) -> 1 | AS85: =AVERAGE(AS83:AS84) -> 0.5 | AT85: =AVERAGE(AT83:AT84) -> 0.5 | AU85: =AVERAGE(AU83:AU84) -> 0 | AV85: =AVERAGE(AV83:AV84) -> 0 | AW85: =SUM(AS85:AV85) -> 1
B86: E1 | C86: =COUNTIFS(TblUniv2016[E1],C$73)/$C$72*100% -> 0.52380952 | D86: =COUNTIFS(TblUniv2016[E1],D$73)/$C$72*100% -> 0.46031746 | E86: =COUNTIFS(TblUniv2016[E1],E$73)/$C$72*100% -> 0.015873016 | F86: =COUNTIFS(TblUniv2016[E1],F$73)/$C$72*100% -> 0 | G86: =SUM(C86:F86) -> 1 | I86: E1 | J86: =COUNTIFS(TblUniv2016[E1],J$73,TblUniv2016[Prodi],$J$70)/$J$72*100% -> 0.33333333 | K86: =COUNTIFS(TblUniv2016[E1],K$73,TblUniv2016[Prodi],$J$70)/$J$72*100% -> 0.66666667 | L86: =COUNTIFS(TblUniv2016[E1],L$73,TblUniv2016[Prodi],$J$70)/$J$72*100% -> 0 | M86: =COUNTIFS(TblUniv2016[E1],M$73,TblUniv2016[Prodi],$J$70)/$J$72*100% -> 0 | N86: =SUM(J86:M86) -> 1 | P86: E1 | Q86: =COUNTIFS(TblUniv2016[E1],Q$73,TblUniv2016[Prodi],$Q$70)/$Q$72*100% -> 0.55319149 | R86: =COUNTIFS(TblUniv2016[E1],R$73,TblUniv2016[Prodi],$Q$70)/$Q$72*100% -> 0.44680851 | S86: =COUNTIFS(TblUniv2016[E1],S$73,TblUniv2016[Prodi],$Q$70)/$Q$72*100% -> 0 | T86: =COUNTIFS(TblUniv2016[E1],T$73,TblUniv2016[Prodi],$Q$70)/$Q$72*100% -> 0 | U86: =SUM(Q86:T86) -> 1 | W86: E1 | X86: =COUNTIFS(TblUniv2016[E1],X$73,TblUniv2016[Prodi],$X$70)/$X$72*100% -> 0.75 | Y86: =COUNTIFS(TblUniv2016[E1],Y$73,TblUniv2016[Prodi],$X$70)/$X$72*100% -> 0.25 | Z86: =COUNTIFS(TblUniv2016[E1],Z$73,TblUniv2016[Prodi],$X$70)/$X$72*100% -> 0 | AA86: =COUNTIFS(TblUniv2016[E1],AA$73,TblUniv2016[Prodi],$X$70)/$X$72*100% -> 0 | AB86: =SUM(X86:AA86) -> 1 | AD86: E1 | AE86: =COUNTIFS(TblUniv2016[E1],AE$73,TblUniv2016[Prodi],$AE$70)/$AE$72*100% -> 0.33333333 | AF86: =COUNTIFS(TblUniv2016[E1],AF$73,TblUniv2016[Prodi],$AE$70)/$AE$72*100% -> 0.5 | AG86: =COUNTIFS(TblUniv2016[E1],AG$73,TblUniv2016[Prodi],$AE$70)/$AE$72*100% -> 0.16666667 | AH86: =COUNTIFS(TblUniv2016[E1],AH$73,TblUniv2016[Prodi],$AE$70)/$AE$72*100% -> 0 | AI86: =SUM(AE86:AH86) -> 1 | AK86: E1 | AL86: =COUNTIFS(TblUniv2016[E1],AL$73,TblUniv2016[Prodi],$AL$70)/$AL$72*100% -> 1 | AM86: =COUNTIFS(TblUniv2016[E1],AM$73,TblUniv2016[Prodi],$AL$70)/$AL$72*100% -> 0 | AN86: =COUNTIFS(TblUniv2016[E1],AN$73,TblUniv2016[Prodi],$AL$70)/$AL$72*100% -> 0 | AO86: =COUNTIFS(TblUniv2016[E1],AO$73,TblUniv2016[Prodi],$AL$70)/$AL$72*100% -> 0 | AP86: =SUM(AL86:AO86) -> 1 | AR86: E1 | AS86: =COUNTIFS(TblUniv2016[E1],AS$73,TblUniv2016[Prodi],$AS$70)/$AS$72*100% -> 0 | AT86: =COUNTIFS(TblUniv2016[E1],AT$73,TblUniv2016[Prodi],$AS$70)/$AS$72*100% -> 1 | AU86: =COUNTIFS(TblUniv2016[E1],AU$73,TblUniv2016[Prodi],$AS$70)/$AS$72*100% -> 0 | AV86: =COUNTIFS(TblUniv2016[E1],AV$73,TblUniv2016[Prodi],$AS$70)/$AS$72*100% -> 0 | AW86: =SUM(AS86:AV86) -> 1
B87: E2 | C87: =COUNTIFS(TblUniv2016[E2],C$73)/$C$72*100% -> 0.52380952 | D87: =COUNTIFS(TblUniv2016[E2],D$73)/$C$72*100% -> 0.44444444 | E87: =COUNTIFS(TblUniv2016[E2],E$73)/$C$72*100% -> 0.015873016 | F87: =COUNTIFS(TblUniv2016[E2],F$73)/$C$72*100% -> 0.015873016 | G87: =SUM(C87:F87) -> 1 | I87: E2 | J87: =COUNTIFS(TblUniv2016[E2],J$73,TblUniv2016[Prodi],$J$70)/$J$72*100% -> 0.33333333 | K87: =COUNTIFS(TblUniv2016[E2],K$73,TblUniv2016[Prodi],$J$70)/$J$72*100% -> 0.66666667 | L87: =COUNTIFS(TblUniv2016[E2],L$73,TblUniv2016[Prodi],$J$70)/$J$72*100% -> 0 | M87: =COUNTIFS(TblUniv2016[E2],M$73,TblUniv2016[Prodi],$J$70)/$J$72*100% -> 0 | N87: =SUM(J87:M87) -> 1 | P87: E2 | Q87: =COUNTIFS(TblUniv2016[E2],Q$73,TblUniv2016[Prodi],$Q$70)/$Q$72*100% -> 0.55319149 | R87: =COUNTIFS(TblUniv2016[E2],R$73,TblUniv2016[Prodi],$Q$70)/$Q$72*100% -> 0.44680851 | S87: =COUNTIFS(TblUniv2016[E2],S$73,TblUniv2016[Prodi],$Q$70)/$Q$72*100% -> 0 | T87: =COUNTIFS(TblUniv2016[E2],T$73,TblUniv2016[Prodi],$Q$70)/$Q$72*100% -> 0 | U87: =SUM(Q87:T87) -> 1 | W87: E2 | X87: =COUNTIFS(TblUniv2016[E2],X$73,TblUniv2016[Prodi],$X$70)/$X$72*100% -> 0.5 | Y87: =COUNTIFS(TblUniv2016[E2],Y$73,TblUniv2016[Prodi],$X$70)/$X$72*100% -> 0.5 | Z87: =COUNTIFS(TblUniv2016[E2],Z$73,TblUniv2016[Prodi],$X$70)/$X$72*100% -> 0 | AA87: =COUNTIFS(TblUniv2016[E2],AA$73,TblUniv2016[Prodi],$X$70)/$X$72*100% -> 0 | AB87: =SUM(X87:AA87) -> 1 | AD87: E2 | AE87: =COUNTIFS(TblUniv2016[E2],AE$73,TblUniv2016[Prodi],$AE$70)/$AE$72*100% -> 0.33333333 | AF87: =COUNTIFS(TblUniv2016[E2],AF$73,TblUniv2016[Prodi],$AE$70)/$AE$72*100% -> 0.33333333 | AG87: =COUNTIFS(TblUniv2016[E2],AG$73,TblUniv2016[Prodi],$AE$70)/$AE$72*100% -> 0.16666667 | AH87: =COUNTIFS(TblUniv2016[E2],AH$73,TblUniv2016[Prodi],$AE$70)/$AE$72*100% -> 0.16666667 | AI87: =SUM(AE87:AH87) -> 1 | AK87: E2 | AL87: =COUNTIFS(TblUniv2016[E2],AL$73,TblUniv2016[Prodi],$AL$70)/$AL$72*100% -> 1 | AM87: =COUNTIFS(TblUniv2016[E2],AM$73,TblUniv2016[Prodi],$AL$70)/$AL$72*100% -> 0 | AN87: =COUNTIFS(TblUniv2016[E2],AN$73,TblUniv2016[Prodi],$AL$70)/$AL$72*100% -> 0 | AO87: =COUNTIFS(TblUniv2016[E2],AO$73,TblUniv2016[Prodi],$AL$70)/$AL$72*100% -> 0 | AP87: =SUM(AL87:AO87) -> 1 | AR87: E2 | AS87: =COUNTIFS(TblUniv2016[E2],AS$73,TblUniv2016[Prodi],$AS$70)/$AS$72*100% -> 0.5 | AT87: =COUNTIFS(TblUniv2016[E2],AT$73,TblUniv2016[Prodi],$AS$70)/$AS$72*100% -> 0.5 | AU87: =COUNTIFS(TblUniv2016[E2],AU$73,TblUniv2016[Prodi],$AS$70)/$AS$72*100% -> 0 | AV87: =COUNTIFS(TblUniv2016[E2],AV$73,TblUniv2016[Prodi],$AS$70)/$AS$72*100% -> 0 | AW87: =SUM(AS87:AV87) -> 1
C88: =AVERAGE(C86:C87) -> 0.52380952 | D88: =AVERAGE(D86:D87) -> 0.45238095 | E88: =AVERAGE(E86:E87) -> 0.015873016 | F88: =AVERAGE(F86:F87) -> 0.0079365079 | G88: =SUM(C88:F88) -> 1 | J88: =AVERAGE(J86:J87) -> 0.33333333 | K88: =AVERAGE(K86:K87) -> 0.66666667 | L88: =AVERAGE(L86:L87) -> 0 | M88: =AVERAGE(M86:M87) -> 0 | N88: =SUM(J88:M88) -> 1 | Q88: =AVERAGE(Q86:Q87) -> 0.55319149 | R88: =AVERAGE(R86:R87) -> 0.44680851 | S88: =AVERAGE(S86:S87) -> 0 | T88: =AVERAGE(T86:T87) -> 0 | U88: =SUM(Q88:T88) -> 1 | X88: =AVERAGE(X86:X87) -> 0.625 | Y88: =AVERAGE(Y86:Y87) -> 0.375 | Z88: =AVERAGE(Z86:Z87) -> 0 | AA88: =AVERAGE(AA86:AA87) -> 0 | AB88: =SUM(X88:AA88) -> 1 | AE88: =AVERAGE(AE86:AE87) -> 0.33333333 | AF88: =AVERAGE(AF86:AF87) -> 0.41666667 | AG88: =AVERAGE(AG86:AG87) -> 0.16666667 | AH88: =AVERAGE(AH86:AH87) -> 0.083333333 | AI88: =SUM(AE88:AH88) -> 1 | AL88: =AVERAGE(AL86:AL87) -> 1 | AM88: =AVERAGE(AM86:AM87) -> 0 | AN88: =AVERAGE(AN86:AN87) -> 0 | AO88: =AVERAGE(AO86:AO87) -> 0 | AP88: =SUM(AL88:AO88) -> 1 | AS88: =AVERAGE(AS86:AS87) -> 0.25 | AT88: =AVERAGE(AT86:AT87) -> 0.75 | AU88: =AVERAGE(AU86:AU87) -> 0 | AV88: =AVERAGE(AV86:AV87) -> 0 | AW88: =SUM(AS88:AV88) -> 1
B89: F1 | C89: =COUNTIFS(TblUniv2016[F1],C$73)/$C$72*100% -> 0.49206349 | D89: =COUNTIFS(TblUniv2016[F1],D$73)/$C$72*100% -> 0.49206349 | E89: =COUNTIFS(TblUniv2016[F1],E$73)/$C$72*100% -> 0.015873016 | F89: =COUNTIFS(TblUniv2016[F1],F$73)/$C$72*100% -> 0 | G89: =SUM(C89:F89) -> 1 | I89: F1 | J89: =COUNTIFS(TblUniv2016[F1],J$73,TblUniv2016[Prodi],$J$70)/$J$72*100% -> 0.33333333 | K89: =COUNTIFS(TblUniv2016[F1],K$73,TblUniv2016[Prodi],$J$70)/$J$72*100% -> 0.66666667 | L89: =COUNTIFS(TblUniv2016[F1],L$73,TblUniv2016[Prodi],$J$70)/$J$72*100% -> 0 | M89: =COUNTIFS(TblUniv2016[F1],M$73,TblUniv2016[Prodi],$J$70)/$J$72*100% -> 0 | N89: =SUM(J89:M89) -> 1 | P89: F1 | Q89: =COUNTIFS(TblUniv2016[F1],Q$73,TblUniv2016[Prodi],$Q$70)/$Q$72*100% -> 0.4893617 | R89: =COUNTIFS(TblUniv2016[F1],R$73,TblUniv2016[Prodi],$Q$70)/$Q$72*100% -> 0.5106383 | S89: =COUNTIFS(TblUniv2016[F1],S$73,TblUniv2016[Prodi],$Q$70)/$Q$72*100% -> 0 | T89: =COUNTIFS(TblUniv2016[F1],T$73,TblUniv2016[Prodi],$Q$70)/$Q$72*100% -> 0 | U89: =SUM(Q89:T89) -> 1 | W89: F1 | X89: =COUNTIFS(TblUniv2016[F1],X$73,TblUniv2016[Prodi],$X$70)/$X$72*100% -> 0.75 | Y89: =COUNTIFS(TblUniv2016[F1],Y$73,TblUniv2016[Prodi],$X$70)/$X$72*100% -> 0.25 | Z89: =COUNTIFS(TblUniv2016[F1],Z$73,TblUniv2016[Prodi],$X$70)/$X$72*100% -> 0 | AA89: =COUNTIFS(TblUniv2016[F1],AA$73,TblUniv2016[Prodi],$X$70)/$X$72*100% -> 0 | AB89: =SUM(X89:AA89) -> 1 | AD89: F1 | AE89: =COUNTIFS(TblUniv2016[F1],AE$73,TblUniv2016[Prodi],$AE$70)/$AE$72*100% -> 0.16666667 | AF89: =COUNTIFS(TblUniv2016[F1],AF$73,TblUniv2016[Prodi],$AE$70)/$AE$72*100% -> 0.66666667 | AG89: =COUNTIFS(TblUniv2016[F1],AG$73,TblUniv2016[Prodi],$AE$70)/$AE$72*100% -> 0.16666667 | AH89: =COUNTIFS(TblUniv2016[F1],AH$73,TblUniv2016[Prodi],$AE$70)/$AE$72*100% -> 0 | AI89: =SUM(AE89:AH89) -> 1 | AK89: F1 | AL89: =COUNTIFS(TblUniv2016[F1],AL$73,TblUniv2016[Prodi],$AL$70)/$AL$72*100% -> 1 | AM89: =COUNTIFS(TblUniv2016[F1],AM$73,TblUniv2016[Prodi],$AL$70)/$AL$72*100% -> 0 | AN89: =COUNTIFS(TblUniv2016[F1],AN$73,TblUniv2016[Prodi],$AL$70)/$AL$72*100% -> 0 | AO89: =COUNTIFS(TblUniv2016[F1],AO$73,TblUniv2016[Prodi],$AL$70)/$AL$72*100% -> 0 | AP89: =SUM(AL89:AO89) -> 1 | AR89: F1 | AS89: =COUNTIFS(TblUniv2016[F1],AS$73,TblUniv2016[Prodi],$AS$70)/$AS$72*100% -> 1 | AT89: =COUNTIFS(TblUniv2016[F1],AT$73,TblUniv2016[Prodi],$AS$70)/$AS$72*100% -> 0 | AU89: =COUNTIFS(TblUniv2016[F1],AU$73,TblUniv2016[Prodi],$AS$70)/$AS$72*100% -> 0 | AV89: =COUNTIFS(TblUniv2016[F1],AV$73,TblUniv2016[Prodi],$AS$70)/$AS$72*100% -> 0 | AW89: =SUM(AS89:AV89) -> 1
B90: F2 | C90: =COUNTIFS(TblUniv2016[F2],C$73)/$C$72*100% -> 0.38095238 | D90: =COUNTIFS(TblUniv2016[F2],D$73)/$C$72*100% -> 0.57142857 | E90: =COUNTIFS(TblUniv2016[F2],E$73)/$C$72*100% -> 0.047619048 | F90: =COUNTIFS(TblUniv2016[F2],F$73)/$C$72*100% -> 0 | G90: =SUM(C90:F90) -> 1 | I90: F2 | J90: =COUNTIFS(TblUniv2016[F2],J$73,TblUniv2016[Prodi],$J$70)/$J$72*100% -> 0.33333333 | K90: =COUNTIFS(TblUniv2016[F2],K$73,TblUniv2016[Prodi],$J$70)/$J$72*100% -> 0.33333333 | L90: =COUNTIFS(TblUniv2016[F2],L$73,TblUniv2016[Prodi],$J$70)/$J$72*100% -> 0.33333333 | M90: =COUNTIFS(TblUniv2016[F2],M$73,TblUniv2016[Prodi],$J$70)/$J$72*100% -> 0 | N90: =SUM(J90:M90) -> 1 | P90: F2 | Q90: =COUNTIFS(TblUniv2016[F2],Q$73,TblUniv2016[Prodi],$Q$70)/$Q$72*100% -> 0.38297872 | R90: =COUNTIFS(TblUniv2016[F2],R$73,TblUniv2016[Prodi],$Q$70)/$Q$72*100% -> 0.57446809 | S90: =COUNTIFS(TblUniv2016[F2],S$73,TblUniv2016[Prodi],$Q$70)/$Q$72*100% -> 0.042553191 | T90: =COUNTIFS(TblUniv2016[F2],T$73,TblUniv2016[Prodi],$Q$70)/$Q$72*100% -> 0 | U90: =SUM(Q90:T90) -> 1 | W90: F2 | X90: =COUNTIFS(TblUniv2016[F2],X$73,TblUniv2016[Prodi],$X$70)/$X$72*100% -> 0.5 | Y90: =COUNTIFS(TblUniv2016[F2],Y$73,TblUniv2016[Prodi],$X$70)/$X$72*100% -> 0.5 | Z90: =COUNTIFS(TblUniv2016[F2],Z$73,TblUniv2016[Prodi],$X$70)/$X$72*100% -> 0 | AA90: =COUNTIFS(TblUniv2016[F2],AA$73,TblUniv2016[Prodi],$X$70)/$X$72*100% -> 0 | AB90: =SUM(X90:AA90) -> 1 | AD90: F2 | AE90: =COUNTIFS(TblUniv2016[F2],AE$73,TblUniv2016[Prodi],$AE$70)/$AE$72*100% -> 0 | AF90: =COUNTIFS(TblUniv2016[F2],AF$73,TblUniv2016[Prodi],$AE$70)/$AE$72*100% -> 1 | AG90: =COUNTIFS(TblUniv2016[F2],AG$73,TblUniv2016[Prodi],$AE$70)/$AE$72*100% -> 0 | AH90: =COUNTIFS(TblUniv2016[F2],AH$73,TblUniv2016[Prodi],$AE$70)/$AE$72*100% -> 0 | AI90: =SUM(AE90:AH90) -> 1 | AK90: F2 | AL90: =COUNTIFS(TblUniv2016[F2],AL$73,TblUniv2016[Prodi],$AL$70)/$AL$72*100% -> 1 | AM90: =COUNTIFS(TblUniv2016[F2],AM$73,TblUniv2016[Prodi],$AL$70)/$AL$72*100% -> 0 | AN90: =COUNTIFS(TblUniv2016[F2],AN$73,TblUniv2016[Prodi],$AL$70)/$AL$72*100% -> 0 | AO90: =COUNTIFS(TblUniv2016[F2],AO$73,TblUniv2016[Prodi],$AL$70)/$AL$72*100% -> 0 | AP90: =SUM(AL90:AO90) -> 1 | AR90: F2 | AS90: =COUNTIFS(TblUniv2016[F2],AS$73,TblUniv2016[Prodi],$AS$70)/$AS$72*100% -> 1 | AT90: =COUNTIFS(TblUniv2016[F2],AT$73,TblUniv2016[Prodi],$AS$70)/$AS$72*100% -> 0 | AU90: =COUNTIFS(TblUniv2016[F2],AU$73,TblUniv2016[Prodi],$AS$70)/$AS$72*100% -> 0 | AV90: =COUNTIFS(TblUniv2016[F2],AV$73,TblUniv2016[Prodi],$AS$70)/$AS$72*100% -> 0 | AW90: =SUM(AS90:AV90) -> 1
B91: F3 | C91: =COUNTIFS(TblUniv2016[F3],C$73)/$C$72*100% -> 0.42857143 | D91: =COUNTIFS(TblUniv2016[F3],D$73)/$C$72*100% -> 0.55555556 | E91: =COUNTIFS(TblUniv2016[F3],E$73)/$C$72*100% -> 0.015873016 | F91: =COUNTIFS(TblUniv2016[F3],F$73)/$C$72*100% -> 0 | G91: =SUM(C91:F91) -> 1 | I91: F3 | J91: =COUNTIFS(TblUniv2016[F3],J$73,TblUniv2016[Prodi],$J$70)/$J$72*100% -> 0.33333333 | K91: =COUNTIFS(TblUniv2016[F3],K$73,TblUniv2016[Prodi],$J$70)/$J$72*100% -> 0.66666667 | L91: =COUNTIFS(TblUniv2016[F3],L$73,TblUniv2016[Prodi],$J$70)/$J$72*100% -> 0 | M91: =COUNTIFS(TblUniv2016[F3],M$73,TblUniv2016[Prodi],$J$70)/$J$72*100% -> 0 | N91: =SUM(J91:M91) -> 1 | P91: F3 | Q91: =COUNTIFS(TblUniv2016[F3],Q$73,TblUniv2016[Prodi],$Q$70)/$Q$72*100% -> 0.44680851 | R91: =COUNTIFS(TblUniv2016[F3],R$73,TblUniv2016[Prodi],$Q$70)/$Q$72*100% -> 0.55319149 | S91: =COUNTIFS(TblUniv2016[F3],S$73,TblUniv2016[Prodi],$Q$70)/$Q$72*100% -> 0 | T91: =COUNTIFS(TblUniv2016[F3],T$73,TblUniv2016[Prodi],$Q$70)/$Q$72*100% -> 0 | U91: =SUM(Q91:T91) -> 1 | W91: F3 | X91: =COUNTIFS(TblUniv2016[F3],X$73,TblUniv2016[Prodi],$X$70)/$X$72*100% -> 0.5 | Y91: =COUNTIFS(TblUniv2016[F3],Y$73,TblUniv2016[Prodi],$X$70)/$X$72*100% -> 0.5 | Z91: =COUNTIFS(TblUniv2016[F3],Z$73,TblUniv2016[Prodi],$X$70)/$X$72*100% -> 0 | AA91: =COUNTIFS(TblUniv2016[F3],AA$73,TblUniv2016[Prodi],$X$70)/$X$72*100% -> 0 | AB91: =SUM(X91:AA91) -> 1 | AD91: F3 | AE91: =COUNTIFS(TblUniv2016[F3],AE$73,TblUniv2016[Prodi],$AE$70)/$AE$72*100% -> 0 | AF91: =COUNTIFS(TblUniv2016[F3],AF$73,TblUniv2016[Prodi],$AE$70)/$AE$72*100% -> 0.83333333 | AG91: =COUNTIFS(TblUniv2016[F3],AG$73,TblUniv2016[Prodi],$AE$70)/$AE$72*100% -> 0.16666667 | AH91: =COUNTIFS(TblUniv2016[F3],AH$73,TblUniv2016[Prodi],$AE$70)/$AE$72*100% -> 0 | AI91: =SUM(AE91:AH91) -> 1 | AK91: F3 | AL91: =COUNTIFS(TblUniv2016[F3],AL$73,TblUniv2016[Prodi],$AL$70)/$AL$72*100% -> 1 | AM91: =COUNTIFS(TblUniv2016[F3],AM$73,TblUniv2016[Prodi],$AL$70)/$AL$72*100% -> 0 | AN91: =COUNTIFS(TblUniv2016[F3],AN$73,TblUniv2016[Prodi],$AL$70)/$AL$72*100% -> 0 | AO91: =COUNTIFS(TblUniv2016[F3],AO$73,TblUniv2016[Prodi],$AL$70)/$AL$72*100% -> 0 | AP91: =SUM(AL91:AO91) -> 1 | AR91: F3 | AS91: =COUNTIFS(TblUniv2016[F3],AS$73,TblUniv2016[Prodi],$AS$70)/$AS$72*100% -> 1 | AT91: =COUNTIFS(TblUniv2016[F3],AT$73,TblUniv2016[Prodi],$AS$70)/$AS$72*100% -> 0 | AU91: =COUNTIFS(TblUniv2016[F3],AU$73,TblUniv2016[Prodi],$AS$70)/$AS$72*100% -> 0 | AV91: =COUNTIFS(TblUniv2016[F3],AV$73,TblUniv2016[Prodi],$AS$70)/$AS$72*100% -> 0 | AW91: =SUM(AS91:AV91) -> 1
C92: =AVERAGE(C89:C91) -> 0.43386243 | D92: =AVERAGE(D89:D91) -> 0.53968254 | E92: =AVERAGE(E89:E91) -> 0.026455026 | F92: =AVERAGE(F89:F91) -> 0 | G92: =SUM(C92:F92) -> 1 | J92: =AVERAGE(J89:J91) -> 0.33333333 | K92: =AVERAGE(K89:K91) -> 0.55555556 | L92: =AVERAGE(L89:L91) -> 0.11111111 | M92: =AVERAGE(M89:M91) -> 0 | N92: =SUM(J92:M92) -> 1 | Q92: =AVERAGE(Q89:Q91) -> 0.43971631 | R92: =AVERAGE(R89:R91) -> 0.54609929 | S92: =AVERAGE(S89:S91) -> 0.014184397 | T92: =AVERAGE(T89:T91) -> 0 | U92: =SUM(Q92:T92) -> 1 | X92: =AVERAGE(X89:X91) -> 0.58333333 | Y92: =AVERAGE(Y89:Y91) -> 0.41666667 | Z92: =AVERAGE(Z89:Z91) -> 0 | AA92: =AVERAGE(AA89:AA91) -> 0 | AB92: =SUM(X92:AA92) -> 1 | AE92: =AVERAGE(AE89:AE91) -> 0.055555556 | AF92: =AVERAGE(AF89:AF91) -> 0.83333333 | AG92: =AVERAGE(AG89:AG91) -> 0.11111111 | AH92: =AVERAGE(AH89:AH91) -> 0 | AI92: =SUM(AE92:AH92) -> 1 | AL92: =AVERAGE(AL89:AL91) -> 1 | AM92: =AVERAGE(AM89:AM91) -> 0 | AN92: =AVERAGE(AN89:AN91) -> 0 | AO92: =AVERAGE(AO89:AO91) -> 0 | AP92: =SUM(AL92:AO92) -> 1 | AS92: =AVERAGE(AS89:AS91) -> 1 | AT92: =AVERAGE(AT89:AT91) -> 0 | AU92: =AVERAGE(AU89:AU91) -> 0 | AV92: =AVERAGE(AV89:AV91) -> 0 | AW92: =SUM(AS92:AV92) -> 1
B93: G1 | C93: =COUNTIFS(TblUniv2016[G1],C$73)/$C$72*100% -> 0.41269841 | D93: =COUNTIFS(TblUniv2016[G1],D$73)/$C$72*100% -> 0.58730159 | E93: =COUNTIFS(TblUniv2016[G1],E$73)/$C$72*100% -> 0 | F93: =COUNTIFS(TblUniv2016[G1],F$73)/$C$72*100% -> 0 | G93: =SUM(C93:F93) -> 1 | I93: G1 | J93: =COUNTIFS(TblUniv2016[G1],J$73,TblUniv2016[Prodi],$J$70)/$J$72*100% -> 0.33333333 | K93: =COUNTIFS(TblUniv2016[G1],K$73,TblUniv2016[Prodi],$J$70)/$J$72*100% -> 0.66666667 | L93: =COUNTIFS(TblUniv2016[G1],L$73,TblUniv2016[Prodi],$J$70)/$J$72*100% -> 0 | M93: =COUNTIFS(TblUniv2016[G1],M$73,TblUniv2016[Prodi],$J$70)/$J$72*100% -> 0 | N93: =SUM(J93:M93) -> 1 | P93: G1 | Q93: =COUNTIFS(TblUniv2016[G1],Q$73,TblUniv2016[Prodi],$Q$70)/$Q$72*100% -> 0.44680851 | R93: =COUNTIFS(TblUniv2016[G1],R$73,TblUniv2016[Prodi],$Q$70)/$Q$72*100% -> 0.55319149 | S93: =COUNTIFS(TblUniv2016[G1],S$73,TblUniv2016[Prodi],$Q$70)/$Q$72*100% -> 0 | T93: =COUNTIFS(TblUniv2016[G1],T$73,TblUniv2016[Prodi],$Q$70)/$Q$72*100% -> 0 | U93: =SUM(Q93:T93) -> 1 | W93: G1 | X93: =COUNTIFS(TblUniv2016[G1],X$73,TblUniv2016[Prodi],$X$70)/$X$72*100% -> 0.5 | Y93: =COUNTIFS(TblUniv2016[G1],Y$73,TblUniv2016[Prodi],$X$70)/$X$72*100% -> 0.5 | Z93: =COUNTIFS(TblUniv2016[G1],Z$73,TblUniv2016[Prodi],$X$70)/$X$72*100% -> 0 | AA93: =COUNTIFS(TblUniv2016[G1],AA$73,TblUniv2016[Prodi],$X$70)/$X$72*100% -> 0 | AB93: =SUM(X93:AA93) -> 1 | AD93: G1 | AE93: =COUNTIFS(TblUniv2016[G1],AE$73,TblUniv2016[Prodi],$AE$70)/$AE$72*100% -> 0 | AF93: =COUNTIFS(TblUniv2016[G1],AF$73,TblUniv2016[Prodi],$AE$70)/$AE$72*100% -> 1 | AG93: =COUNTIFS(TblUniv2016[G1],AG$73,TblUniv2016[Prodi],$AE$70)/$AE$72*100% -> 0 | AH93: =COUNTIFS(TblUniv2016[G1],AH$73,TblUniv2016[Prodi],$AE$70)/$AE$72*100% -> 0 | AI93: =SUM(AE93:AH93) -> 1 | AK93: G1 | AL93: =COUNTIFS(TblUniv2016[G1],AL$73,TblUniv2016[Prodi],$AL$70)/$AL$72*100% -> 0 | AM93: =COUNTIFS(TblUniv2016[G1],AM$73,TblUniv2016[Prodi],$AL$70)/$AL$72*100% -> 1 | AN93: =COUNTIFS(TblUniv2016[G1],AN$73,TblUniv2016[Prodi],$AL$70)/$AL$72*100% -> 0 | AO93: =COUNTIFS(TblUniv2016[G1],AO$73,TblUniv2016[Prodi],$AL$70)/$AL$72*100% -> 0 | AP93: =SUM(AL93:AO93) -> 1 | AR93: G1 | AS93: =COUNTIFS(TblUniv2016[G1],AS$73,TblUniv2016[Prodi],$AS$70)/$AS$72*100% -> 1 | AT93: =COUNTIFS(TblUniv2016[G1],AT$73,TblUniv2016[Prodi],$AS$70)/$AS$72*100% -> 0 | AU93: =COUNTIFS(TblUniv2016[G1],AU$73,TblUniv2016[Prodi],$AS$70)/$AS$72*100% -> 0 | AV93: =COUNTIFS(TblUniv2016[G1],AV$73,TblUniv2016[Prodi],$AS$70)/$AS$72*100% -> 0 | AW93: =SUM(AS93:AV93) -> 1
B94: G2 | C94: =COUNTIFS(TblUniv2016[G2],C$73)/$C$72*100% -> 0.26984127 | D94: =COUNTIFS(TblUniv2016[G2],D$73)/$C$72*100% -> 0.65079365 | E94: =COUNTIFS(TblUniv2016[G2],E$73)/$C$72*100% -> 0.063492063 | F94: =COUNTIFS(TblUniv2016[G2],F$73)/$C$72*100% -> 0.015873016 | G94: =SUM(C94:F94) -> 1 | I94: G2 | J94: =COUNTIFS(TblUniv2016[G2],J$73,TblUniv2016[Prodi],$J$70)/$J$72*100% -> 0.33333333 | K94: =COUNTIFS(TblUniv2016[G2],K$73,TblUniv2016[Prodi],$J$70)/$J$72*100% -> 0.33333333 | L94: =COUNTIFS(TblUniv2016[G2],L$73,TblUniv2016[Prodi],$J$70)/$J$72*100% -> 0.33333333 | M94: =COUNTIFS(TblUniv2016[G2],M$73,TblUniv2016[Prodi],$J$70)/$J$72*100% -> 0 | N94: =SUM(J94:M94) -> 1 | P94: G2 | Q94: =COUNTIFS(TblUniv2016[G2],Q$73,TblUniv2016[Prodi],$Q$70)/$Q$72*100% -> 0.25531915 | R94: =COUNTIFS(TblUniv2016[G2],R$73,TblUniv2016[Prodi],$Q$70)/$Q$72*100% -> 0.72340426 | S94: =COUNTIFS(TblUniv2016[G2],S$73,TblUniv2016[Prodi],$Q$70)/$Q$72*100% -> 0.021276596 | T94: =COUNTIFS(TblUniv2016[G2],T$73,TblUniv2016[Prodi],$Q$70)/$Q$72*100% -> 0 | U94: =SUM(Q94:T94) -> 1 | W94: G2 | X94: =COUNTIFS(TblUniv2016[G2],X$73,TblUniv2016[Prodi],$X$70)/$X$72*100% -> 0.5 | Y94: =COUNTIFS(TblUniv2016[G2],Y$73,TblUniv2016[Prodi],$X$70)/$X$72*100% -> 0.5 | Z94: =COUNTIFS(TblUniv2016[G2],Z$73,TblUniv2016[Prodi],$X$70)/$X$72*100% -> 0 | AA94: =COUNTIFS(TblUniv2016[G2],AA$73,TblUniv2016[Prodi],$X$70)/$X$72*100% -> 0 | AB94: =SUM(X94:AA94) -> 1 | AD94: G2 | AE94: =COUNTIFS(TblUniv2016[G2],AE$73,TblUniv2016[Prodi],$AE$70)/$AE$72*100% -> 0 | AF94: =COUNTIFS(TblUniv2016[G2],AF$73,TblUniv2016[Prodi],$AE$70)/$AE$72*100% -> 0.5 | AG94: =COUNTIFS(TblUniv2016[G2],AG$73,TblUniv2016[Prodi],$AE$70)/$AE$72*100% -> 0.33333333 | AH94: =COUNTIFS(TblUniv2016[G2],AH$73,TblUniv2016[Prodi],$AE$70)/$AE$72*100% -> 0.16666667 | AI94: =SUM(AE94:AH94) -> 1 | AK94: G2 | AL94: =COUNTIFS(TblUniv2016[G2],AL$73,TblUniv2016[Prodi],$AL$70)/$AL$72*100% -> 1 | AM94: =COUNTIFS(TblUniv2016[G2],AM$73,TblUniv2016[Prodi],$AL$70)/$AL$72*100% -> 0 | AN94: =COUNTIFS(TblUniv2016[G2],AN$73,TblUniv2016[Prodi],$AL$70)/$AL$72*100% -> 0 | AO94: =COUNTIFS(TblUniv2016[G2],AO$73,TblUniv2016[Prodi],$AL$70)/$AL$72*100% -> 0 | AP94: =SUM(AL94:AO94) -> 1 | AR94: G2 | AS94: =COUNTIFS(TblUniv2016[G2],AS$73,TblUniv2016[Prodi],$AS$70)/$AS$72*100% -> 0.5 | AT94: =COUNTIFS(TblUniv2016[G2],AT$73,TblUniv2016[Prodi],$AS$70)/$AS$72*100% -> 0.5 | AU94: =COUNTIFS(TblUniv2016[G2],AU$73,TblUniv2016[Prodi],$AS$70)/$AS$72*100% -> 0 | AV94: =COUNTIFS(TblUniv2016[G2],AV$73,TblUniv2016[Prodi],$AS$70)/$AS$72*100% -> 0 | AW94: =SUM(AS94:AV94) -> 1
C95: =AVERAGE(C93:C94) -> 0.34126984 | D95: =AVERAGE(D93:D94) -> 0.61904762 | E95: =AVERAGE(E93:E94) -> 0.031746032 | F95: =AVERAGE(F93:F94) -> 0.0079365079 | G95: =SUM(C95:F95) -> 1 | J95: =AVERAGE(J93:J94) -> 0.33333333 | K95: =AVERAGE(K93:K94) -> 0.5 | L95: =AVERAGE(L93:L94) -> 0.16666667 | M95: =AVERAGE(M93:M94) -> 0 | N95: =SUM(J95:M95) -> 1 | Q95: =AVERAGE(Q93:Q94) -> 0.35106383 | R95: =AVERAGE(R93:R94) -> 0.63829787 | S95: =AVERAGE(S93:S94) -> 0.010638298 | T95: =AVERAGE(T93:T94) -> 0 | U95: =SUM(Q95:T95) -> 1 | X95: =AVERAGE(X93:X94) -> 0.5 | Y95: =AVERAGE(Y93:Y94) -> 0.5 | Z95: =AVERAGE(Z93:Z94) -> 0 | AA95: =AVERAGE(AA93:AA94) -> 0 | AB95: =SUM(X95:AA95) -> 1 | AE95: =AVERAGE(AE93:AE94) -> 0 | AF95: =AVERAGE(AF93:AF94) -> 0.75 | AG95: =AVERAGE(AG93:AG94) -> 0.16666667 | AH95: =AVERAGE(AH93:AH94) -> 0.083333333 | AI95: =SUM(AE95:AH95) -> 1 | AL95: =AVERAGE(AL93:AL94) -> 0.5 | AM95: =AVERAGE(AM93:AM94) -> 0.5 | AN95: =AVERAGE(AN93:AN94) -> 0 | AO95: =AVERAGE(AO93:AO94) -> 0 | AP95: =SUM(AL95:AO95) -> 1 | AS95: =AVERAGE(AS93:AS94) -> 0.75 | AT95: =AVERAGE(AT93:AT94) -> 0.25 | AU95: =AVERAGE(AU93:AU94) -> 0 | AV95: =AVERAGE(AV93:AV94) -> 0 | AW95: =SUM(AS95:AV95) -> 1
B96: H1 | C96: =COUNTIFS(TblUniv2016[H1],C$73)/$C$72*100% -> 0.3015873 | D96: =COUNTIFS(TblUniv2016[H1],D$73)/$C$72*100% -> 0.66666667 | E96: =COUNTIFS(TblUniv2016[H1],E$73)/$C$72*100% -> 0.031746032 | F96: =COUNTIFS(TblUniv2016[H1],F$73)/$C$72*100% -> 0 | G96: =SUM(C96:F96) -> 1 | I96: H1 | J96: =COUNTIFS(TblUniv2016[H1],J$73,TblUniv2016[Prodi],$J$70)/$J$72*100% -> 0.33333333 | K96: =COUNTIFS(TblUniv2016[H1],K$73,TblUniv2016[Prodi],$J$70)/$J$72*100% -> 0.66666667 | L96: =COUNTIFS(TblUniv2016[H1],L$73,TblUniv2016[Prodi],$J$70)/$J$72*100% -> 0 | M96: =COUNTIFS(TblUniv2016[H1],M$73,TblUniv2016[Prodi],$J$70)/$J$72*100% -> 0 | N96: =SUM(J96:M96) -> 1 | P96: H1 | Q96: =COUNTIFS(TblUniv2016[H1],Q$73,TblUniv2016[Prodi],$Q$70)/$Q$72*100% -> 0.31914894 | R96: =COUNTIFS(TblUniv2016[H1],R$73,TblUniv2016[Prodi],$Q$70)/$Q$72*100% -> 0.65957447 | S96: =COUNTIFS(TblUniv2016[H1],S$73,TblUniv2016[Prodi],$Q$70)/$Q$72*100% -> 0.021276596 | T96: =COUNTIFS(TblUniv2016[H1],T$73,TblUniv2016[Prodi],$Q$70)/$Q$72*100% -> 0 | U96: =SUM(Q96:T96) -> 1 | W96: H1 | X96: =COUNTIFS(TblUniv2016[H1],X$73,TblUniv2016[Prodi],$X$70)/$X$72*100% -> 0.5 | Y96: =COUNTIFS(TblUniv2016[H1],Y$73,TblUniv2016[Prodi],$X$70)/$X$72*100% -> 0.5 | Z96: =COUNTIFS(TblUniv2016[H1],Z$73,TblUniv2016[Prodi],$X$70)/$X$72*100% -> 0 | AA96: =COUNTIFS(TblUniv2016[H1],AA$73,TblUniv2016[Prodi],$X$70)/$X$72*100% -> 0 | AB96: =SUM(X96:AA96) -> 1 | AD96: H1 | AE96: =COUNTIFS(TblUniv2016[H1],AE$73,TblUniv2016[Prodi],$AE$70)/$AE$72*100% -> 0 | AF96: =COUNTIFS(TblUniv2016[H1],AF$73,TblUniv2016[Prodi],$AE$70)/$AE$72*100% -> 0.83333333 | AG96: =COUNTIFS(TblUniv2016[H1],AG$73,TblUniv2016[Prodi],$AE$70)/$AE$72*100% -> 0.16666667 | AH96: =COUNTIFS(TblUniv2016[H1],AH$73,TblUniv2016[Prodi],$AE$70)/$AE$72*100% -> 0 | AI96: =SUM(AE96:AH96) -> 1 | AK96: H1 | AL96: =COUNTIFS(TblUniv2016[H1],AL$73,TblUniv2016[Prodi],$AL$70)/$AL$72*100% -> 0 | AM96: =COUNTIFS(TblUniv2016[H1],AM$73,TblUniv2016[Prodi],$AL$70)/$AL$72*100% -> 1 | AN96: =COUNTIFS(TblUniv2016[H1],AN$73,TblUniv2016[Prodi],$AL$70)/$AL$72*100% -> 0 | AO96: =COUNTIFS(TblUniv2016[H1],AO$73,TblUniv2016[Prodi],$AL$70)/$AL$72*100% -> 0 | AP96: =SUM(AL96:AO96) -> 1 | AR96: H1 | AS96: =COUNTIFS(TblUniv2016[H1],AS$73,TblUniv2016[Prodi],$AS$70)/$AS$72*100% -> 0.5 | AT96: =COUNTIFS(TblUniv2016[H1],AT$73,TblUniv2016[Prodi],$AS$70)/$AS$72*100% -> 0.5 | AU96: =COUNTIFS(TblUniv2016[H1],AU$73,TblUniv2016[Prodi],$AS$70)/$AS$72*100% -> 0 | AV96: =COUNTIFS(TblUniv2016[H1],AV$73,TblUniv2016[Prodi],$AS$70)/$AS$72*100% -> 0 | AW96: =SUM(AS96:AV96) -> 1
B97: H2 | C97: =COUNTIFS(TblUniv2016[H2],C$73)/$C$72*100% -> 0.26984127 | D97: =COUNTIFS(TblUniv2016[H2],D$73)/$C$72*100% -> 0.65079365 | E97: =COUNTIFS(TblUniv2016[H2],E$73)/$C$72*100% -> 0.063492063 | F97: =COUNTIFS(TblUniv2016[H2],F$73)/$C$72*100% -> 0.015873016 | G97: =SUM(C97:F97) -> 1 | I97: H2 | J97: =COUNTIFS(TblUniv2016[H1],J$73,TblUniv2016[Prodi],$J$70)/$J$72*100% -> 0.33333333 | K97: =COUNTIFS(TblUniv2016[H1],K$73,TblUniv2016[Prodi],$J$70)/$J$72*100% -> 0.66666667 | L97: =COUNTIFS(TblUniv2016[H1],L$73,TblUniv2016[Prodi],$J$70)/$J$72*100% -> 0 | M97: =COUNTIFS(TblUniv2016[H1],M$73,TblUniv2016[Prodi],$J$70)/$J$72*100% -> 0 | N97: =SUM(J97:M97) -> 1 | P97: H2 | Q97: =COUNTIFS(TblUniv2016[H1],Q$73,TblUniv2016[Prodi],$Q$70)/$Q$72*100% -> 0.31914894 | R97: =COUNTIFS(TblUniv2016[H1],R$73,TblUniv2016[Prodi],$Q$70)/$Q$72*100% -> 0.65957447 | S97: =COUNTIFS(TblUniv2016[H1],S$73,TblUniv2016[Prodi],$Q$70)/$Q$72*100% -> 0.021276596 | T97: =COUNTIFS(TblUniv2016[H1],T$73,TblUniv2016[Prodi],$Q$70)/$Q$72*100% -> 0 | U97: =SUM(Q97:T97) -> 1 | W97: H2 | X97: =COUNTIFS(TblUniv2016[H1],X$73,TblUniv2016[Prodi],$X$70)/$X$72*100% -> 0.5 | Y97: =COUNTIFS(TblUniv2016[H1],Y$73,TblUniv2016[Prodi],$X$70)/$X$72*100% -> 0.5 | Z97: =COUNTIFS(TblUniv2016[H1],Z$73,TblUniv2016[Prodi],$X$70)/$X$72*100% -> 0 | AA97: =COUNTIFS(TblUniv2016[H1],AA$73,TblUniv2016[Prodi],$X$70)/$X$72*100% -> 0 | AB97: =SUM(X97:AA97) -> 1 | AD97: H2 | AE97: =COUNTIFS(TblUniv2016[H1],AE$73,TblUniv2016[Prodi],$AE$70)/$AE$72*100% -> 0 | AF97: =COUNTIFS(TblUniv2016[H1],AF$73,TblUniv2016[Prodi],$AE$70)/$AE$72*100% -> 0.83333333 | AG97: =COUNTIFS(TblUniv2016[H1],AG$73,TblUniv2016[Prodi],$AE$70)/$AE$72*100% -> 0.16666667 | AH97: =COUNTIFS(TblUniv2016[H1],AH$73,TblUniv2016[Prodi],$AE$70)/$AE$72*100% -> 0 | AI97: =SUM(AE97:AH97) -> 1 | AK97: H2 | AL97: =COUNTIFS(TblUniv2016[H1],AL$73,TblUniv2016[Prodi],$AL$70)/$AL$72*100% -> 0 | AM97: =COUNTIFS(TblUniv2016[H1],AM$73,TblUniv2016[Prodi],$AL$70)/$AL$72*100% -> 1 | AN97: =COUNTIFS(TblUniv2016[H1],AN$73,TblUniv2016[Prodi],$AL$70)/$AL$72*100% -> 0 | AO97: =COUNTIFS(TblUniv2016[H1],AO$73,TblUniv2016[Prodi],$AL$70)/$AL$72*100% -> 0 | AP97: =SUM(AL97:AO97) -> 1 | AR97: H2 | AS97: =COUNTIFS(TblUniv2016[H1],AS$73,TblUniv2016[Prodi],$AS$70)/$AS$72*100% -> 0.5 | AT97: =COUNTIFS(TblUniv2016[H1],AT$73,TblUniv2016[Prodi],$AS$70)/$AS$72*100% -> 0.5 | AU97: =COUNTIFS(TblUniv2016[H1],AU$73,TblUniv2016[Prodi],$AS$70)/$AS$72*100% -> 0 | AV97: =COUNTIFS(TblUniv2016[H1],AV$73,TblUniv2016[Prodi],$AS$70)/$AS$72*100% -> 0 | AW97: =SUM(AS97:AV97) -> 1
B98: H3 | C98: =COUNTIFS(TblUniv2016[H3],C$73)/$C$72*100% -> 0.41269841 | D98: =COUNTIFS(TblUniv2016[H3],D$73)/$C$72*100% -> 0.55555556 | E98: =COUNTIFS(TblUniv2016[H3],E$73)/$C$72*100% -> 0.031746032 | F98: =COUNTIFS(TblUniv2016[H3],F$73)/$C$72*100% -> 0 | G98: =SUM(C98:F98) -> 1 | I98: H3 | J98: =COUNTIFS(TblUniv2016[H3],J$73,TblUniv2016[Prodi],$J$70)/$J$72*100% -> 0.33333333 | K98: =COUNTIFS(TblUniv2016[H3],K$73,TblUniv2016[Prodi],$J$70)/$J$72*100% -> 0.33333333 | L98: =COUNTIFS(TblUniv2016[H3],L$73,TblUniv2016[Prodi],$J$70)/$J$72*100% -> 0.33333333 | M98: =COUNTIFS(TblUniv2016[H3],M$73,TblUniv2016[Prodi],$J$70)/$J$72*100% -> 0 | N98: =SUM(J98:M98) -> 1 | P98: H3 | Q98: =COUNTIFS(TblUniv2016[H3],Q$73,TblUniv2016[Prodi],$Q$70)/$Q$72*100% -> 0.42553191 | R98: =COUNTIFS(TblUniv2016[H3],R$73,TblUniv2016[Prodi],$Q$70)/$Q$72*100% -> 0.57446809 | S98: =COUNTIFS(TblUniv2016[H3],S$73,TblUniv2016[Prodi],$Q$70)/$Q$72*100% -> 0 | T98: =COUNTIFS(TblUniv2016[H3],T$73,TblUniv2016[Prodi],$Q$70)/$Q$72*100% -> 0 | U98: =SUM(Q98:T98) -> 1 | W98: H3 | X98: =COUNTIFS(TblUniv2016[H3],X$73,TblUniv2016[Prodi],$X$70)/$X$72*100% -> 0.5 | Y98: =COUNTIFS(TblUniv2016[H3],Y$73,TblUniv2016[Prodi],$X$70)/$X$72*100% -> 0.5 | Z98: =COUNTIFS(TblUniv2016[H3],Z$73,TblUniv2016[Prodi],$X$70)/$X$72*100% -> 0 | AA98: =COUNTIFS(TblUniv2016[H3],AA$73,TblUniv2016[Prodi],$X$70)/$X$72*100% -> 0 | AB98: =SUM(X98:AA98) -> 1 | AD98: H3 | AE98: =COUNTIFS(TblUniv2016[H3],AE$73,TblUniv2016[Prodi],$AE$70)/$AE$72*100% -> 0.16666667 | AF98: =COUNTIFS(TblUniv2016[H3],AF$73,TblUniv2016[Prodi],$AE$70)/$AE$72*100% -> 0.66666667 | AG98: =COUNTIFS(TblUniv2016[H3],AG$73,TblUniv2016[Prodi],$AE$70)/$AE$72*100% -> 0.16666667 | AH98: =COUNTIFS(TblUniv2016[H3],AH$73,TblUniv2016[Prodi],$AE$70)/$AE$72*100% -> 0 | AI98: =SUM(AE98:AH98) -> 1 | AK98: H3 | AL98: =COUNTIFS(TblUniv2016[H3],AL$73,TblUniv2016[Prodi],$AL$70)/$AL$72*100% -> 1 | AM98: =COUNTIFS(TblUniv2016[H3],AM$73,TblUniv2016[Prodi],$AL$70)/$AL$72*100% -> 0 | AN98: =COUNTIFS(TblUniv2016[H3],AN$73,TblUniv2016[Prodi],$AL$70)/$AL$72*100% -> 0 | AO98: =COUNTIFS(TblUniv2016[H3],AO$73,TblUniv2016[Prodi],$AL$70)/$AL$72*100% -> 0 | AP98: =SUM(AL98:AO98) -> 1 | AR98: H3 | AS98: =COUNTIFS(TblUniv2016[H3],AS$73,TblUniv2016[Prodi],$AS$70)/$AS$72*100% -> 0.5 | AT98: =COUNTIFS(TblUniv2016[H3],AT$73,TblUniv2016[Prodi],$AS$70)/$AS$72*100% -> 0.5 | AU98: =COUNTIFS(TblUniv2016[H3],AU$73,TblUniv2016[Prodi],$AS$70)/$AS$72*100% -> 0 | AV98: =COUNTIFS(TblUniv2016[H3],AV$73,TblUniv2016[Prodi],$AS$70)/$AS$72*100% -> 0 | AW98: =SUM(AS98:AV98) -> 1
B99: H4 | C99: =COUNTIFS(TblUniv2016[H4],C$73)/$C$72*100% -> 0.42857143 | D99: =COUNTIFS(TblUniv2016[H4],D$73)/$C$72*100% -> 0.47619048 | E99: =COUNTIFS(TblUniv2016[H4],E$73)/$C$72*100% -> 0.095238095 | F99: =COUNTIFS(TblUniv2016[H4],F$73)/$C$72*100% -> 0 | G99: =SUM(C99:F99) -> 1 | I99: H4 | J99: =COUNTIFS(TblUniv2016[H4],J$73,TblUniv2016[Prodi],$J$70)/$J$72*100% -> 0.33333333 | K99: =COUNTIFS(TblUniv2016[H4],K$73,TblUniv2016[Prodi],$J$70)/$J$72*100% -> 0.33333333 | L99: =COUNTIFS(TblUniv2016[H4],L$73,TblUniv2016[Prodi],$J$70)/$J$72*100% -> 0.33333333 | M99: =COUNTIFS(TblUniv2016[H4],M$73,TblUniv2016[Prodi],$J$70)/$J$72*100% -> 0 | N99: =SUM(J99:M99) -> 1 | P99: H4 | Q99: =COUNTIFS(TblUniv2016[H4],Q$73,TblUniv2016[Prodi],$Q$70)/$Q$72*100% -> 0.46808511 | R99: =COUNTIFS(TblUniv2016[H4],R$73,TblUniv2016[Prodi],$Q$70)/$Q$72*100% -> 0.4893617 | S99: =COUNTIFS(TblUniv2016[H4],S$73,TblUniv2016[Prodi],$Q$70)/$Q$72*100% -> 0.042553191 | T99: =COUNTIFS(TblUniv2016[H4],T$73,TblUniv2016[Prodi],$Q$70)/$Q$72*100% -> 0 | U99: =SUM(Q99:T99) -> 1 | W99: H4 | X99: =COUNTIFS(TblUniv2016[H4],X$73,TblUniv2016[Prodi],$X$70)/$X$72*100% -> 0.25 | Y99: =COUNTIFS(TblUniv2016[H4],Y$73,TblUniv2016[Prodi],$X$70)/$X$72*100% -> 0.75 | Z99: =COUNTIFS(TblUniv2016[H4],Z$73,TblUniv2016[Prodi],$X$70)/$X$72*100% -> 0 | AA99: =COUNTIFS(TblUniv2016[H4],AA$73,TblUniv2016[Prodi],$X$70)/$X$72*100% -> 0 | AB99: =SUM(X99:AA99) -> 1 | AD99: H4 | AE99: =COUNTIFS(TblUniv2016[H4],AE$73,TblUniv2016[Prodi],$AE$70)/$AE$72*100% -> 0.16666667 | AF99: =COUNTIFS(TblUniv2016[H4],AF$73,TblUniv2016[Prodi],$AE$70)/$AE$72*100% -> 0.33333333 | AG99: =COUNTIFS(TblUniv2016[H4],AG$73,TblUniv2016[Prodi],$AE$70)/$AE$72*100% -> 0.5 | AH99: =COUNTIFS(TblUniv2016[H4],AH$73,TblUniv2016[Prodi],$AE$70)/$AE$72*100% -> 0 | AI99: =SUM(AE99:AH99) -> 1 | AK99: H4 | AL99: =COUNTIFS(TblUniv2016[H4],AL$73,TblUniv2016[Prodi],$AL$70)/$AL$72*100% -> 0 | AM99: =COUNTIFS(TblUniv2016[H4],AM$73,TblUniv2016[Prodi],$AL$70)/$AL$72*100% -> 1 | AN99: =COUNTIFS(TblUniv2016[H4],AN$73,TblUniv2016[Prodi],$AL$70)/$AL$72*100% -> 0 | AO99: =COUNTIFS(TblUniv2016[H4],AO$73,TblUniv2016[Prodi],$AL$70)/$AL$72*100% -> 0 | AP99: =SUM(AL99:AO99) -> 1 | AR99: H4 | AS99: =COUNTIFS(TblUniv2016[H4],AS$73,TblUniv2016[Prodi],$AS$70)/$AS$72*100% -> 1 | AT99: =COUNTIFS(TblUniv2016[H4],AT$73,TblUniv2016[Prodi],$AS$70)/$AS$72*100% -> 0 | AU99: =COUNTIFS(TblUniv2016[H4],AU$73,TblUniv2016[Prodi],$AS$70)/$AS$72*100% -> 0 | AV99: =COUNTIFS(TblUniv2016[H4],AV$73,TblUniv2016[Prodi],$AS$70)/$AS$72*100% -> 0 | AW99: =SUM(AS99:AV99) -> 1
C100: =AVERAGE(C96:C99) -> 0.3531746 | D100: =AVERAGE(D96:D99) -> 0.58730159 | E100: =AVERAGE(E96:E99) -> 0.055555556 | F100: =AVERAGE(F96:F99) -> 0.003968254 | G100: =SUM(C100:F100) -> 1 | J100: =AVERAGE(J96:J99) -> 0.33333333 | K100: =AVERAGE(K96:K99) -> 0.5 | L100: =AVERAGE(L96:L99) -> 0.16666667 | M100: =AVERAGE(M96:M99) -> 0 | N100: =SUM(J100:M100) -> 1 | Q100: =AVERAGE(Q96:Q99) -> 0.38297872 | R100: =AVERAGE(R96:R99) -> 0.59574468 | S100: =AVERAGE(S96:S99) -> 0.021276596 | T100: =AVERAGE(T96:T99) -> 0 | U100: =SUM(Q100:T100) -> 1 | X100: =AVERAGE(X96:X99) -> 0.4375 | Y100: =AVERAGE(Y96:Y99) -> 0.5625 | Z100: =AVERAGE(Z96:Z99) -> 0 | AA100: =AVERAGE(AA96:AA99) -> 0 | AB100: =SUM(X100:AA100) -> 1 | AE100: =AVERAGE(AE96:AE99) -> 0.083333333 | AF100: =AVERAGE(AF96:AF99) -> 0.66666667 | AG100: =AVERAGE(AG96:AG99) -> 0.25 | AH100: =AVERAGE(AH96:AH99) -> 0 | AI100: =SUM(AE100:AH100) -> 1 | AL100: =AVERAGE(AL96:AL99) -> 0.25 | AM100: =AVERAGE(AM96:AM99) -> 0.75 | AN100: =AVERAGE(AN96:AN99) -> 0 | AO100: =AVERAGE(AO96:AO99) -> 0 | AP100: =SUM(AL100:AO100) -> 1 | AS100: =AVERAGE(AS96:AS99) -> 0.625 | AT100: =AVERAGE(AT96:AT99) -> 0.375 | AU100: =AVERAGE(AU96:AU99) -> 0 | AV100: =AVERAGE(AV96:AV99) -> 0 | AW100: =SUM(AS100:AV100) -> 1
B101: I. A 1 | C101: =COUNTIFS(TblUniv2016[I. a1],C$73)/$C$72*100% -> 0.33333333 | D101: =COUNTIFS(TblUniv2016[I. a1],D$73)/$C$72*100% -> 0.65079365 | E101: =COUNTIFS(TblUniv2016[I. a1],E$73)/$C$72*100% -> 0.015873016 | F101: =COUNTIFS(TblUniv2016[I. a1],F$73)/$C$72*100% -> 0 | G101: =SUM(C101:F101) -> 1 | I101: I. A 1 | J101: =COUNTIFS(TblUniv2016[I. a1],J$73,TblUniv2016[Prodi],$J$70)/$J$72*100% -> 0.33333333 | K101: =COUNTIFS(TblUniv2016[I. a1],K$73,TblUniv2016[Prodi],$J$70)/$J$72*100% -> 0.66666667 | L101: =COUNTIFS(TblUniv2016[I. a1],L$73,TblUniv2016[Prodi],$J$70)/$J$72*100% -> 0 | M101: =COUNTIFS(TblUniv2016[I. a1],M$73,TblUniv2016[Prodi],$J$70)/$J$72*100% -> 0 | N101: =SUM(J101:M101) -> 1 | P101: I. A 1 | Q101: =COUNTIFS(TblUniv2016[I. a1],Q$73,TblUniv2016[Prodi],$Q$70)/$Q$72*100% -> 0.36170213 | R101: =COUNTIFS(TblUniv2016[I. a1],R$73,TblUniv2016[Prodi],$Q$70)/$Q$72*100% -> 0.63829787 | S101: =COUNTIFS(TblUniv2016[I. a1],S$73,TblUniv2016[Prodi],$Q$70)/$Q$72*100% -> 0 | T101: =COUNTIFS(TblUniv2016[I. a1],T$73,TblUniv2016[Prodi],$Q$70)/$Q$72*100% -> 0 | U101: =SUM(Q101:T101) -> 1 | W101: I. A 1 | X101: =COUNTIFS(TblUniv2016[I. a1],X$73,TblUniv2016[Prodi],$X$70)/$X$72*100% -> 0.25 | Y101: =COUNTIFS(TblUniv2016[I. a1],Y$73,TblUniv2016[Prodi],$X$70)/$X$72*100% -> 0.75 | Z101: =COUNTIFS(TblUniv2016[I. a1],Z$73,TblUniv2016[Prodi],$X$70)/$X$72*100% -> 0 | AA101: =COUNTIFS(TblUniv2016[I. a1],AA$73,TblUniv2016[Prodi],$X$70)/$X$72*100% -> 0 | AB101: =SUM(X101:AA101) -> 1 | AD101: I. A 1 | AE101: =COUNTIFS(TblUniv2016[I. a1],AE$73,TblUniv2016[Prodi],$AE$70)/$AE$72*100% -> 0 | AF101: =COUNTIFS(TblUniv2016[I. a1],AF$73,TblUniv2016[Prodi],$AE$70)/$AE$72*100% -> 0.83333333 | AG101: =COUNTIFS(TblUniv2016[I. a1],AG$73,TblUniv2016[Prodi],$AE$70)/$AE$72*100% -> 0.16666667 | AH101: =COUNTIFS(TblUniv2016[I. a1],AH$73,TblUniv2016[Prodi],$AE$70)/$AE$72*100% -> 0 | AI101: =SUM(AE101:AH101) -> 1 | AK101: I. A 1 | AL101: =COUNTIFS(TblUniv2016[I. a1],AL$73,TblUniv2016[Prodi],$AL$70)/$AL$72*100% -> 1 | AM101: =COUNTIFS(TblUniv2016[I. a1],AM$73,TblUniv2016[Prodi],$AL$70)/$AL$72*100% -> 0 | AN101: =COUNTIFS(TblUniv2016[I. a1],AN$73,TblUniv2016[Prodi],$AL$70)/$AL$72*100% -> 0 | AO101: =COUNTIFS(TblUniv2016[I. a1],AO$73,TblUniv2016[Prodi],$AL$70)/$AL$72*100% -> 0 | AP101: =SUM(AL101:AO101) -> 1 | AR101: I. A 1 | AS101: =COUNTIFS(TblUniv2016[I. a1],AS$73,TblUniv2016[Prodi],$AS$70)/$AS$72*100% -> 0.5 | AT101: =COUNTIFS(TblUniv2016[I. a1],AT$73,TblUniv2016[Prodi],$AS$70)/$AS$72*100% -> 0.5 | AU101: =COUNTIFS(TblUniv2016[I. a1],AU$73,TblUniv2016[Prodi],$AS$70)/$AS$72*100% -> 0 | AV101: =COUNTIFS(TblUniv2016[I. a1],AV$73,TblUniv2016[Prodi],$AS$70)/$AS$72*100% -> 0 | AW101: =SUM(AS101:AV101) -> 1
B102: I. A 2 | C102: =COUNTIFS(TblUniv2016[I. a2],C$73)/$C$72*100% -> 0.3015873 | D102: =COUNTIFS(TblUniv2016[I. a2],D$73)/$C$72*100% -> 0.63492063 | E102: =COUNTIFS(TblUniv2016[I. a2],E$73)/$C$72*100% -> 0.063492063 | F102: =COUNTIFS(TblUniv2016[I. a2],F$73)/$C$72*100% -> 0 | G102: =SUM(C102:F102) -> 1 | I102: I. A 2 | J102: =COUNTIFS(TblUniv2016[I. a2],J$73,TblUniv2016[Prodi],$J$70)/$J$72*100% -> 0.33333333 | K102: =COUNTIFS(TblUniv2016[I. a2],K$73,TblUniv2016[Prodi],$J$70)/$J$72*100% -> 0.66666667 | L102: =COUNTIFS(TblUniv2016[I. a2],L$73,TblUniv2016[Prodi],$J$70)/$J$72*100% -> 0 | M102: =COUNTIFS(TblUniv2016[I. a2],M$73,TblUniv2016[Prodi],$J$70)/$J$72*100% -> 0 | N102: =SUM(J102:M102) -> 1 | P102: I. A 2 | Q102: =COUNTIFS(TblUniv2016[I. a2],Q$73,TblUniv2016[Prodi],$Q$70)/$Q$72*100% -> 0.29787234 | R102: =COUNTIFS(TblUniv2016[I. a2],R$73,TblUniv2016[Prodi],$Q$70)/$Q$72*100% -> 0.68085106 | S102: =COUNTIFS(TblUniv2016[I. a2],S$73,TblUniv2016[Prodi],$Q$70)/$Q$72*100% -> 0.021276596 | T102: =COUNTIFS(TblUniv2016[I. a2],T$73,TblUniv2016[Prodi],$Q$70)/$Q$72*100% -> 0 | U102: =SUM(Q102:T102) -> 1 | W102: I. A 2 | X102: =COUNTIFS(TblUniv2016[I. a2],X$73,TblUniv2016[Prodi],$X$70)/$X$72*100% -> 0.5 | Y102: =COUNTIFS(TblUniv2016[I. a2],Y$73,TblUniv2016[Prodi],$X$70)/$X$72*100% -> 0.5 | Z102: =COUNTIFS(TblUniv2016[I. a2],Z$73,TblUniv2016[Prodi],$X$70)/$X$72*100% -> 0 | AA102: =COUNTIFS(TblUniv2016[I. a2],AA$73,TblUniv2016[Prodi],$X$70)/$X$72*100% -> 0 | AB102: =SUM(X102:AA102) -> 1 | AD102: I. A 2 | AE102: =COUNTIFS(TblUniv2016[I. a2],AE$73,TblUniv2016[Prodi],$AE$70)/$AE$72*100% -> 0 | AF102: =COUNTIFS(TblUniv2016[I. a2],AF$73,TblUniv2016[Prodi],$AE$70)/$AE$72*100% -> 0.66666667 | AG102: =COUNTIFS(TblUniv2016[I. a2],AG$73,TblUniv2016[Prodi],$AE$70)/$AE$72*100% -> 0.33333333 | AH102: =COUNTIFS(TblUniv2016[I. a2],AH$73,TblUniv2016[Prodi],$AE$70)/$AE$72*100% -> 0 | AI102: =SUM(AE102:AH102) -> 1 | AK102: I. A 2 | AL102: =COUNTIFS(TblUniv2016[I. a2],AL$73,TblUniv2016[Prodi],$AL$70)/$AL$72*100% -> 1 | AM102: =COUNTIFS(TblUniv2016[I. a2],AM$73,TblUniv2016[Prodi],$AL$70)/$AL$72*100% -> 0 | AN102: =COUNTIFS(TblUniv2016[I. a2],AN$73,TblUniv2016[Prodi],$AL$70)/$AL$72*100% -> 0 | AO102: =COUNTIFS(TblUniv2016[I. a2],AO$73,TblUniv2016[Prodi],$AL$70)/$AL$72*100% -> 0 | AP102: =SUM(AL102:AO102) -> 1 | AR102: I. A 2 | AS102: =COUNTIFS(TblUniv2016[I. a2],AS$73,TblUniv2016[Prodi],$AS$70)/$AS$72*100% -> 0.5 | AT102: =COUNTIFS(TblUniv2016[I. a2],AT$73,TblUniv2016[Prodi],$AS$70)/$AS$72*100% -> 0 | AU102: =COUNTIFS(TblUniv2016[I. a2],AU$73,TblUniv2016[Prodi],$AS$70)/$AS$72*100% -> 0.5 | AV102: =COUNTIFS(TblUniv2016[I. a2],AV$73,TblUniv2016[Prodi],$AS$70)/$AS$72*100% -> 0 | AW102: =SUM(AS102:AV102) -> 1
B103: I. A 3 | C103: =COUNTIFS(TblUniv2016[I. a3],C$73)/$C$72*100% -> 0.41269841 | D103: =COUNTIFS(TblUniv2016[I. a3],D$73)/$C$72*100% -> 0.58730159 | E103: =COUNTIFS(TblUniv2016[I. a3],E$73)/$C$72*100% -> 0 | F103: =COUNTIFS(TblUniv2016[I. a3],F$73)/$C$72*100% -> 0 | G103: =SUM(C103:F103) -> 1 | I103: I. A 3 | J103: =COUNTIFS(TblUniv2016[I. a3],J$73,TblUniv2016[Prodi],$J$70)/$J$72*100% -> 0.66666667 | K103: =COUNTIFS(TblUniv2016[I. a3],K$73,TblUniv2016[Prodi],$J$70)/$J$72*100% -> 0.33333333 | L103: =COUNTIFS(TblUniv2016[I. a3],L$73,TblUniv2016[Prodi],$J$70)/$J$72*100% -> 0 | M103: =COUNTIFS(TblUniv2016[I. a3],M$73,TblUniv2016[Prodi],$J$70)/$J$72*100% -> 0 | N103: =SUM(J103:M103) -> 1 | P103: I. A 3 | Q103: =COUNTIFS(TblUniv2016[I. a3],Q$73,TblUniv2016[Prodi],$Q$70)/$Q$72*100% -> 0.42553191 | R103: =COUNTIFS(TblUniv2016[I. a3],R$73,TblUniv2016[Prodi],$Q$70)/$Q$72*100% -> 0.57446809 | S103: =COUNTIFS(TblUniv2016[I. a3],S$73,TblUniv2016[Prodi],$Q$70)/$Q$72*100% -> 0 | T103: =COUNTIFS(TblUniv2016[I. a3],T$73,TblUniv2016[Prodi],$Q$70)/$Q$72*100% -> 0 | U103: =SUM(Q103:T103) -> 1 | W103: I. A 3 | X103: =COUNTIFS(TblUniv2016[I. a3],X$73,TblUniv2016[Prodi],$X$70)/$X$72*100% -> 0.25 | Y103: =COUNTIFS(TblUniv2016[I. a3],Y$73,TblUniv2016[Prodi],$X$70)/$X$72*100% -> 0.75 | Z103: =COUNTIFS(TblUniv2016[I. a3],Z$73,TblUniv2016[Prodi],$X$70)/$X$72*100% -> 0 | AA103: =COUNTIFS(TblUniv2016[I. a3],AA$73,TblUniv2016[Prodi],$X$70)/$X$72*100% -> 0 | AB103: =SUM(X103:AA103) -> 1 | AD103: I. A 3 | AE103: =COUNTIFS(TblUniv2016[I. a3],AE$73,TblUniv2016[Prodi],$AE$70)/$AE$72*100% -> 0.16666667 | AF103: =COUNTIFS(TblUniv2016[I. a3],AF$73,TblUniv2016[Prodi],$AE$70)/$AE$72*100% -> 0.83333333 | AG103: =COUNTIFS(TblUniv2016[I. a3],AG$73,TblUniv2016[Prodi],$AE$70)/$AE$72*100% -> 0 | AH103: =COUNTIFS(TblUniv2016[I. a3],AH$73,TblUniv2016[Prodi],$AE$70)/$AE$72*100% -> 0 | AI103: =SUM(AE103:AH103) -> 1 | AK103: I. A 3 | AL103: =COUNTIFS(TblUniv2016[I. a3],AL$73,TblUniv2016[Prodi],$AL$70)/$AL$72*100% -> 0 | AM103: =COUNTIFS(TblUniv2016[I. a3],AM$73,TblUniv2016[Prodi],$AL$70)/$AL$72*100% -> 1 | AN103: =COUNTIFS(TblUniv2016[I. a3],AN$73,TblUniv2016[Prodi],$AL$70)/$AL$72*100% -> 0 | AO103: =COUNTIFS(TblUniv2016[I. a3],AO$73,TblUniv2016[Prodi],$AL$70)/$AL$72*100% -> 0 | AP103: =SUM(AL103:AO103) -> 1 | AR103: I. A 3 | AS103: =COUNTIFS(TblUniv2016[I. a3],AS$73,TblUniv2016[Prodi],$AS$70)/$AS$72*100% -> 1 | AT103: =COUNTIFS(TblUniv2016[I. a3],AT$73,TblUniv2016[Prodi],$AS$70)/$AS$72*100% -> 0 | AU103: =COUNTIFS(TblUniv2016[I. a3],AU$73,TblUniv2016[Prodi],$AS$70)/$AS$72*100% -> 0 | AV103: =COUNTIFS(TblUniv2016[I. a3],AV$73,TblUniv2016[Prodi],$AS$70)/$AS$72*100% -> 0 | AW103: =SUM(AS103:AV103) -> 1
...

Sheet Th. Lulus 2017
G1: A | P1: B | U1: C | W1: D | Y1: E | AA1: F | AD1: G | AF1: H | AJ1: I.a | AO1: I.b | AS1: J | AW1: K1 | BC1: L1
B2: th lulus | C2: Program Pendidikan | D2: Prodi | E2: Nim | F2: Nama Alumni | G2: A1 | H2: A2 | I2: A3 | J2: A4 | K2: A5 | L2: A6 | M2: A7 | N2: A8 | O2: A9 Bulan | P2: B1 | Q2: B2 | R2: B3 | S2: B4 | T2: B5 | U2: C1 | V2: C2 | W2: D1 | X2: D2 | Y2: E1 | Z2: E2 | AA2: F1 | AB2: F2 | AC2: F3 | AD2: G1 | AE2: G2 | AF2: H1 | AG2: H2 | AH2: H3 | AI2: H4 | AJ2: I. a1 | AK2: I. a2 | AL2: I. a3 | AM2: I. a4 | AN2: I. a5 | AO2: I. b1 | AP2: I. b2 | AQ2: I. b3 | AR2: I. b4 | AS2: J1 | AT2: J2 | AU2: J3 | AV2: J4 | AW2: K1 | AX2: K2 | AY2: K3 | AZ2: K4 | BA2: K5 | BB2: K6 | BC2: L1 | BD2: L2 | BE2: L3
B3: 2017 | C3: Diploma Tiga | D3: D3 Administrasi Perkantoran | E3: 12390150003 | F3: Ricky Ahmad Rinaldi | G3: Rinaldi | H3: 08523474699 | I3: - | J3: Casual WO | K3: - | L3: - | M3: Event Organizer | N3: 1 | O3: 24 | P3: B | Q3: B | R3: B | S3: B | T3: B | U3: B | V3: B | W3: B | X3: B | Y3: B | Z3: B | AA3: B | AB3: B | AC3: B | AD3: B | AE3: B | AF3: B | AG3: B | AH3: B | AI3: B | AJ3: SB | AK3: SB | AL3: SB | AM3: SB | AN3: SB | AO3: SB | AP3: SB | AQ3: SB | AR3: B | AS3: Perlu | AU3: Ya | AV3: IT | AW3: Tidak | AX3: Ya | AY3: Ya | AZ3: Ya | BA3: Tidak | BB3: - | BC3: SB | BD3: - | BE3: -
B4: 2017 | C4: Diploma Tiga | D4: D3 Administrasi Perkantoran | E4: 13390150003 | F4: Anugerah Yustisia Utama | G4: Nandhi Kusuma,. ST., MT | H4: 0859311774662 | I4: nandhikusuma@gmail.com | J4: kementrian Sosial | K4: Mojopanggung no 15, Banyuwangi | L4: - | M4: Sosial | N4: 1 | O4: 8 | P4: B | Q4: B | R4: B | S4: B | T4: B | U4: B | V4: B | W4: B | X4: B | Y4: B | Z4: B | AA4: B | AB4: B | AC4: B | AD4: B | AE4: B | AF4: B | AG4: B | AH4: B | AI4: B | AJ4: B | AK4: B | AL4: B | AM4: B | AN4: B | AO4: B | AP4: B | AQ4: B | AR4: B | AS4: Perlu | AU4: Ya | AV4: IT | AW4: Tidak | AX4: Ya | AY4: Ya | AZ4: Ya | BA4: Tidak | BB4: - | BC4: SB | BD4: integritas Lulusan, Keahlian berdasar bidang ilmu, Bahasa inggris, Komunikasi | BE4: Yang memiliki keahlian dalam hal teknologi informasi
B5: 2017 | C5: Diploma Tiga | D5: D3 Administrasi Perkantoran | E5: 14390150003 | F5: Indah Gita Cahyani | G5: Jefri S | H5: - | I5: info@wellracom.co.id | J5: Wellracom Group | K5: Jl. Bratang Binangun 83-85, Surabaya | L5: 031-501888 | M5: Perdagangan, bisnis | N5: 1 | O5: 12 | P5: SB | Q5: SB | R5: SB | S5: SB | T5: SB | U5: SB | V5: SB | W5: B | X5: B | Y5: B | Z5: SB | AA5: B | AB5: SB | AC5: SB | AD5: B | AE5: B | AF5: SB | AG5: SB | AH5: SB | AI5: SB | AJ5: SB | AK5: SB | AL5: SB | AM5: SB | AN5: SB | AO5: SB | AP5: SB | AQ5: SB | AR5: SB | AS5: Perlu | AT5: - | AU5: Ya | AV5: - | AW5: Ya | AX5: Ya | AY5: Ya | AZ5: Ya | BA5: Ya | BB5: - | BC5: B | BD5: - | BE5: -
B6: 2017 | C6: Diploma Tiga | D6: D3 Administrasi Perkantoran | E6: 14390150008 | F6: Galih Permata Putra | G6: Indra Gunawan | H6: 085234770077 | I6: Gunawan@dinamika.ac.id | J6: Universitas Dinamika | K6: Jl. Raya Kedung baruk no 98 | L6: 031 8721731 | M6: Pendidikan | N6: 1 | O6: 36 | P6: B | Q6: B | R6: B | S6: B | T6: B | U6: B | V6: B | W6: K | X6: K | Y6: B | Z6: B | AA6: B | AB6: B | AC6: B | AD6: B | AE6: B | AF6: B | AG6: B | AH6: B | AI6: K | AJ6: K | AK6: B | AL6: B | AM6: B | AN6: B | AO6: K | AP6: B | AQ6: K | AR6: B | AS6: Tidak Perlu | AU6: Ya | AV6: - | AW6: Tidak | AX6: Ya | AY6: Ya | AZ6: Ya | BA6: Tidak | BB6: Museum dan IT | BC6: B | BD6: Bahasa Inggris, Pengembangan diri, semangat | BE6: Semangat kerja, Disiplin waktu, menguasai dibidangnya
B7: 2017 | C7: Diploma Tiga | D7: D3 Administrasi Perkantoran | E7: 14390150009 | F7: Darin Ramadhani Nisrina | G7: Mochamad Faisal | H7: 081330306718 | I7: mfaisal_tgp@yahoo.com | J7: PT Ptangguh Gada Pratama | K7: Griya Bhayangkara F2/5, Sidoarjo | L7: 031-7879881 | M7: jasa Outsourching | N7: 1 | O7: 24 | P7: SB | Q7: SB | R7: SB | S7: SB | T7: SB | U7: SB | V7: SB | W7: B | X7: B | Y7: SB | Z7: SB | AA7: B | AB7: B | AC7: B | AD7: SB | AE7: B | AF7: SB | AG7: SB | AH7: SB | AI7: SB | AJ7: SB | AK7: SB | AL7: SB | AM7: SB | AN7: SB | AO7: SB | AP7: SB | AQ7: SB | AR7: SB | AS7: Perlu | AT7: Tender di LPSE | AU7: Ya | AV7: - | AW7: Tidak | AX7: Tidak | AY7: Tidak | AZ7: Tidak | BA7: Tidak | BB7: - | BC7: SB | BD7: - | BE7: -
B8: 2017 | C8: Diploma Tiga | D8: D3 Administrasi Perkantoran | E8: 14390150017 | F8: Icha Reznanda Ramadhania | G8: Brahma Satrya | H8: 08113237799 | I8: Satryabrahmagmail.com | J8: PTPN XII | K8: Jl. Rajawali 44 Surabaya | L8: 0313524893 | M8: Perdagangan, bisnis | N8: 1 | O8: 24 | P8: SB | Q8: SB | R8: SB | S8: SB | T8: SB | U8: SB | V8: SB | W8: B | X8: B | Y8: B | Z8: SB | AA8: B | AB8: SB | AC8: SB | AD8: B | AE8: B | AF8: SB | AG8: SB | AH8: SB | AI8: SB | AJ8: SB | AK8: SB | AL8: SB | AM8: SB | AN8: SB | AO8: SB | AP8: SB | AQ8: SB | AR8: SB | AS8: Perlu | AT8: Cyber Security | AU8: Ya | AV8: - | AW8: Ya | AX8: Ya | AY8: Ya | AZ8: Ya | BA8: Ya | BB8: Dalam bidang Ti, Dapat memberikan materi pada karyawan | BC8: B | BD8: - | BE8: -
B9: 2017 | C9: Diploma Tiga | D9: D3 Sistem Informasi | E9: 14390100023 | F9: Kadek Ayu Putri Meydiana | G9: Tyas | H9: 085655386290 | I9: Recruitment@merakjaya.co.id | J9: Merak jaya Beton | K9: Jl. Barata Jaya No.46 | L9: 0315042034 | M9: Perdagangan, Industri semen | N9: 1 | O9: 12 | P9: B | Q9: SB | R9: B | S9: B | T9: SB | U9: B | V9: SB | W9: B | X9: B | Y9: SB | Z9: B | AA9: B | AB9: B | AC9: B | AD9: SB | AE9: B | AF9: B | AG9: B | AH9: B | AI9: B | AJ9: B | AK9: B | AL9: SB | AM9: B | AN9: B | AO9: B | AP9: B | AQ9: B | AR9: B | AS9: Perlu | AT9: Android Mobile Dev | AU9: Ya | AV9: Teknologi Artificial Intelligence | AW9: Ya | AX9: Ya | AY9: Ya | AZ9: Ya | BA9: Tidak | BB9: - | BC9: SB | BD9: Pengembangan Diri | BE9: -
B10: 2017 | C10: Diploma Tiga | D10: D3 Sistem Informasi | E10: 12390100019 | F10: Mochamad Catur Nurhidayad | G10: Yefta | H10: 81574266656 | I10: Yefta.tsw@gmail.com | J10: SMPK Ronggolawe Tuban | K10: Jl. Kh. Ahmad Dahlan no 4, Tuban | L10: (0356) 321672 | M10: Pendidikan | N10: 1 | O10: 6 | P10: SB | Q10: B | R10: SB | S10: B | T10: B | U10: B | V10: SB | W10: B | X10: B | Y10: SB | Z10: SB | AA10: B | AB10: B | AC10: B | AD10: SB | AE10: SB | AF10: B | AG10: SB | AH10: B | AI10: SB | AJ10: B | AK10: B | AL10: SB | AM10: B | AN10: B | AO10: SB | AP10: SB | AQ10: SB | AR10: SB | AS10: Perlu | AU10: Ya | AW10: Tidak | AX10: Ya | AY10: Ya | AZ10: Ya | BA10: Tidak | BB10: Workshop Software skills untuk Guru | BC10: B | BD10: Pengembangan Diri | BE10: Lulusan yang mampu menciptakan inovasi baru dibidang teknologi informasi terutama yang berkaitan dengan dunia pendidikan
B11: 2017 | C11: Diploma Tiga | D11: D3 Sistem Informasi | E11: 14390100021 | F11: Septi Aisyah Duanasari | G11: Erwin Qurnia | H11: 08113343355 | I11: Captain.surockboyo@gmail.com | J11: PT. Infomedia Nusantara | K11: Jl. A. Yani no 88, Grahapena | L11: 031-8288604 | M11: Jasa, Contact Center | N11: 5 | O11: 24 | P11: B | Q11: SB | R11: B | S11: B | T11: SB | U11: B | V11: SB | W11: B | X11: B | Y11: SB | Z11: B | AA11: B | AB11: B | AC11: B | AD11: SB | AE11: B | AF11: B | AG11: B | AH11: B | AI11: B | AJ11: B | AK11: B | AL11: SB | AM11: B | AN11: B | AO11: B | AP11: B | AQ11: B | AR11: B | AS11: Perlu | AT11: Android Mobile Dev | AU11: Ya | AV11: Teknologi Artificial Intelligence | AW11: Ya | AX11: Ya | AY11: Ya | AZ11: Ya | BA11: Tidak | BB11: - | BC11: B | BD11: Komunikasi | BE11: Skill Komunikasi, Desain Grafis, Lebih Kreatif
B12: 2017 | C12: Diploma Tiga | D12: D3 Sistem Informasi | E12: 14390100025 | F12: Atika Rizky Damayanti | G12: Agus S Hidayat | H12: 08119105038 | I12: Agus.Hidayat@slackware_id.org | J12: PT. BTPN | K12: Jl. Indrapura 1 EFE, Surabaya | L12: 031 - 3533054 | M12: Perbankan | N12: 1 | O12: 6 | P12: B | Q12: B | R12: B | S12: B | T12: B | U12: B | V12: B | W12: B | X12: B | Y12: B | Z12: B | AA12: B | AB12: B | AC12: B | AD12: B | AE12: B | AF12: B | AG12: B | AH12: B | AI12: B | AJ12: B | AK12: B | AL12: B | AM12: B | AN12: B | AO12: B | AP12: B | AQ12: B | AR12: B | AS12: Perlu | AT12: - | AU12: Ya | AV12: - | AW12: Tidak | AX12: Tidak | AY12: Ya | AZ12: Tidak | BA12: Tidak | BB12: - | BC12: B | BD12: Bahasa Inggris | BE12: -
B13: 2017 | C13: Diploma Empat/ Sarjana Terapan | D13: D4 Produksi Film dan Televisi | E13: 13510160008 | F13: Angelina Febrianti | G13: Mansa Chandra | H13: 0811316018 | I13: mansa@hakiki.com | J13: PT. Hakiki Donarta | K13: Jl. Sikatan 39 Surabaya | L13: 031-3551221 | M13: Industri dan Perdagangan dan Bisnis | N13: 1 | O13: 12 | P13: SB | Q13: SB | R13: B | S13: SB | T13: SB | U13: K | V13: SB | W13: SB | X13: SB | Y13: SB | Z13: SB | AA13: SB | AB13: B | AC13: SB | AD13: SB | AE13: SB | AF13: SB | AG13: SB | AH13: SB | AI13: SB | AJ13: SB | AK13: SB | AL13: SB | AM13: SB | AN13: SB | AO13: B | AP13: SB | AQ13: SB | AR13: B | AS13: Perlu | AT13: Ya | AU13: Tidak | AV13: Ya | AW13: Tidak | AX13: Ya | AY13: Ya | AZ13: Tidak | BA13: Ya | BB13: Marketing, Sales, Management, IT, Design | BC13: SB | BD13: - | BE13: Komunikatif, Kreatif, Up To date
B14: 2017 | C14: Diploma Empat/ Sarjana Terapan | D14: D4 Produksi Film dan Televisi | E14: 13510160045 | F14: Fajar Alingga Mukti | G14: Alingga | H14: 0817379420 | I14: alinnga.fajar@gmail.com | J14: Alingga Adv | K14: Jl. Raya Kali Rungkut No.72, Kali Rungkut | L14: - | M14: Jasa Advertising | N14: 1 | O14: 24 | P14: SB | Q14: SB | R14: B | S14: SB | T14: SB | U14: K | V14: SB | W14: SB | X14: SB | Y14: SB | Z14: B | AA14: B | AB14: B | AC14: B | AD14: SB | AE14: B | AF14: B | AG14: B | AH14: B | AI14: B | AJ14: B | AK14: B | AL14: SB | AM14: B | AN14: B | AO14: B | AP14: B | AQ14: B | AR14: B | AS14: Perlu | AT14: Ya | AU14: Tidak | AV14: Ya | AW14: Tidak | AX14: Ya | AY14: Ya | AZ14: Tidak | BA14: Ya | BC14: SB | BD14: -
B15: 2017 | C15: Sarjana | D15: S1 Desain Komunikasi Visual | E15: 13420100017 | F15: Kinanthi Arum Mustika Wardhani | G15: Melinda Fungkyana | H15: 082133480344 | I15: meme_melin@rocketmail.com | J15: PT. Persada Bhinneka Nusantara | K15: Jl. Raya Kupang Indah no 17 surabaya | L15: 03199147807 | M15: Property | N15: 2 | O15: 36 | P15: B | Q15: SB | R15: B | S15: B | T15: B | U15: B | V15: B | W15: K | X15: B | Y15: B | Z15: B | AA15: SB | AB15: B | AC15: B | AD15: B | AE15: K | AF15: B | AG15: B | AH15: B | AI15: B | AJ15: B | AK15: B | AL15: B | AM15: B | AN15: SB | AO15: B | AP15: B | AQ15: B | AR15: B | AS15: Tidak Perlu | AU15: Ya | AV15: Periklanan , Sosial media, dll | AW15: Tidak | AX15: Tidak | AY15: Ya | AZ15: Tidak | BA15: Tidak | BB15: - | BC15: B | BD15: Bahasa Inggris | BE15: Dapat lebih menguasai penggunaan web untuk bahan promosi
B16: 2017 | C16: Sarjana | D16: S1 Sistem Informasi | E16: 11410110017 | F16: Resi Mairapon Saputra | G16: Romeo | H16: 0817390037 | I16: romeo@ray.co.id | J16: PT. Renjana Abi Yasa | K16: jl. Jemursari1 no 1A Surabaya | L16: 0318417117 | M16: Pendidikan, Software House | N16: 36 | O16: 48 | P16: B | Q16: B | R16: K | S16: B | T16: B | U16: B | V16: K | W16: K | X16: K | Y16: B | Z16: K | AA16: B | AB16: B | AC16: B | AD16: B | AE16: K | AF16: B | AG16: K | AH16: B | AI16: K | AJ16: B | AK16: B | AL16: B | AM16: B | AN16: B | AO16: K | AP16: K | AQ16: K | AR16: B | AS16: Perlu | AT16: Bahasa Pemrograman yang terkini | AU16: ya | AV16: Programmer (API, Mobile, Web) | AW16: Ya | AX16: Ya | AY16: Ya | AZ16: Ya | BA16: Ya | BB16: Software Development | BC16: B | BD16: Keahlian berdasar bidang ilmu, bahasa inggris, penggunaan Teknologi informasi, Pengambangan diri | BE16: Kreatif,loyal,Dapat berfikir Kritis,Mau dan mampu belajar hal baru dengna cepat,mampu bekerja dalam tim,mampu bekerja dalam tekanan
B17: 2017 | C17: Sarjana | D17: S1 Sistem Informasi | E17: 11410110034 | F17: Dony Purwanto | G17: Agustina Dwi Indrayanti | H17: 089615125477 | I17: agustina@dinamika.ac.id | J17: Universitas Dinamika | K17: Jl. Kedung baruk no 98 | L17: 0318721731 | M17: Pendidikan | N17: 3 | O17: 48 | P17: SB | Q17: SB | R17: B | S17: SB | T17: SB | U17: SB | V17: SB | W17: B | X17: B | Y17: SB | Z17: SB | AA17: SB | AB17: SB | AC17: SB | AD17: SB | AE17: B | AF17: B | AG17: K | AH17: B | AI17: K | AJ17: B | AK17: B | AL17: B | AM17: B | AN17: B | AO17: K | AP17: K | AQ17: K | AR17: B | AS17: Tidak perlu | AT17: - | AU17: Ya | AV17: - | AW17: Ya | AX17: Ya | AY17: Ya | AZ17: Ya | BA17: Ya | BB17: - | BC17: SB | BD17: - | BE17: -
B18: 2017 | C18: Sarjana | D18: S1 Sistem Informasi | E18: 12410110012 | F18: Fendi Puji Atmiko | G18: Renny Dwi Ocktavia | H18: 082333679690 | I18: hrd@genesysindonesia.com | J18: PT. Genesys Integrated Indonesia | K18: Jl. Margorejo Indah II / A-317, Sby 60238 | L18: 031-8498188 | M18: Jasa, Konsultan IT | N18: 3 | O18: 32 | P18: B | Q18: SB | R18: SB | S18: B | T18: B | U18: SB | V18: SB | W18: B | X18: B | Y18: SB | Z18: SB | AA18: B | AB18: B | AC18: B | AD18: SB | AE18: SB | AF18: B | AG18: B | AH18: SB | AI18: B | AJ18: B | AK18: B | AL18: SB | AM18: SB | AN18: SB | AO18: SB | AP18: SB | AQ18: SB | AR18: SB | AS18: Perlu | AT18: Diajarkan teknologi baru | AU18: Ya | AV18: Programmer | AW18: Tidak | AX18: Tidak | AY18: Ya | AZ18: Ya | BA18: Tidak | BB18: - | BC18: SB | BD18: Tidak kurang, namun hanya perlu ditingkatkan | BE18: Update teknologi baru, kreative, dan inovative
B19: 2017 | C19: Sarjana | D19: S1 Sistem Informasi | E19: 12410110032 | F19: Muhammad Sigit Pambudi | G19: Ratna Sari | H19: 081232560876 | I19: hrdpapayadas@gmail.com | J19: PT. Masuya Sejati | K19: Jl. Raya Darmo Permai 3-5 | L19: 0317310990 | M19: Perdagangan, bisnis | N19: 2 | O19: 36 | P19: SB | Q19: SB | R19: SB | S19: SB | T19: SB | U19: SB | V19: SB | W19: B | X19: B | Y19: SB | Z19: SB | AA19: SB | AB19: SB | AC19: SB | AD19: SB | AE19: SB | AF19: SB | AG19: SB | AH19: SB | AI19: SB | AJ19: SB | AK19: SB | AL19: SB | AM19: SB | AN19: SB | AO19: SB | AP19: SB | AQ19: SB | AR19: SB | AS19: Tidak perlu | AU19: Ya | AV19: IT | AW19: Tidak | AX19: Tidak | AY19: Ya | AZ19: Tidak | BA19: Tidak | BB19: - | BC19: SB | BD19: Pengembangan Diri | BE19: -
B20: 2017 | C20: Sarjana | D20: S1 Sistem Informasi | E20: 12410110006 | F20: Inka Patresia Walangitan | G20: M.M Sekar Dewanti | H20: 087852880076 | I20: Sekar@dinamika.ac.id | J20: Universitas Dinamika | K20: Jl. Raya Kedung baruk no 98 | L20: 031-8721731 | M20: Pendidikan | N20: 1 | O20: 24 | P20: SB | Q20: SB | R20: SB | S20: SB | T20: SB | U20: SB | V20: SB | W20: B | X20: B | Y20: SB | Z20: SB | AA20: SB | AB20: SB | AC20: SB | AD20: SB | AE20: SB | AF20: SB | AG20: SB | AH20: SB | AI20: SB | AJ20: SB | AK20: SB | AL20: SB | AM20: SB | AN20: SB | AO20: SB | AP20: SB | AQ20: B | AR20: SB | AS20: Perlu | AT20: Bahasa Asing, Selain Bahasa Inggris | AU20: Ya | AV20: Pengolahan Database | AW20: Tidak | AX20: Ya | AY20: Ya | AZ20: Tidak | BA20: Tidak | BB20: - | BC20: SB | BD20: Inovasi dan Bahasa Asing non Inggris | BE20: Kreatif,loyal,Dapat berfikir Kritis,Mau dan mampu belajar hal baru dengna cepat,mampu bekerja dalam tim,mampu bekerja dalam tekanan
B21: 2017 | C21: Sarjana | D21: S1 Sistem Informasi | E21: 8410100302 | F21: Muhammad Ridwan Bahar | G21: Aries Kurniawan ST | H21: 08122170848 | I21: Aries.kurniawan@lapan.co.id | J21: BPAA SUMEDANG (LAPAN) | K21: Jl. Raya Bandung Sumedang - Km 31 | L21: 0227911262 | M21: Lembagan Pemerintah non kementrian | N21: 1 | O21: 35 | P21: B | Q21: B | R21: B | S21: B | T21: B | U21: SB | V21: B | W21: B | X21: K | Y21: B | Z21: B | AA21: SB | AB21: SB | AC21: SB | AD21: SB | AE21: B | AF21: SB | AG21: B | AH21: B | AI21: B | AJ21: B | AK21: B | AL21: B | AM21: B | AN21: B | AO21: B | AP21: B | AQ21: B | AR21: B | AS21: Perlu | AT21: Pemrobraman Mobile | AU21: Ya | AV21: * | AW21: Tidak | AX21: Tidak | AY21: Ya | AZ21: Ya | BA21: Tidak | BB21: * | BC21: B | BD21: Keahlian Berdasarkan Bidang Ilmu, bahasa Inggris | BE21: Kreatif,loyal,Dapat berfikir Kritis,Mau dan mampu belajar hal baru dengna cepat,mampu bekerja dalam tim,mampu bekerja dalam tekanan
B22: 2017 | C22: Sarjana | D22: S1 Sistem Informasi | E22: 9410100036 | F22: Dwi Kusuma Wardana | G22: Romeo | H22: 0817390037 | I22: romeo@ray.co.id | J22: PT. Renjana Abi Yasa | K22: jl. Jemursari1 no 1A Surabaya | L22: 0318417117 | M22: Pendidikan, Software House | N22: 36 | O22: 48 | P22: B | Q22: B | R22: K | S22: B | T22: B | U22: B | V22: K | W22: K | X22: K | Y22: B | Z22: K | AA22: B | AB22: B | AC22: B | AD22: B | AE22: K | AF22: B | AG22: K | AH22: B | AI22: K | AJ22: B | AK22: B | AL22: B | AM22: B | AN22: B | AO22: K | AP22: K | AQ22: K | AR22: B | AS22: Perlu | AT22: Bahasa Pemrograman yang terkini | AU22: ya | AV22: Programmer (API, Mobile, Web) | AW22: Ya | AX22: Ya | AY22: Ya | AZ22: Ya | BA22: Ya | BB22: Software Development | BC22: B | BD22: Keahlian berdasar bidang ilmu, bahasa inggris, penggunaan Teknologi informasi, Pengambangan diri | BE22: Kreatif,loyal,Dapat berfikir Kritis,Mau dan mampu belajar hal baru dengna cepat,mampu bekerja dalam tim,mampu bekerja dalam tekanan
B23: 2017 | C23: Sarjana | D23: S1 Sistem Informasi | E23: 9410100038 | F23: Andrew Bagus Wicaksono Verdyanwar | G23: Romeo | H23: 0817390037 | I23: romeo@ray.co.id | J23: PT. Renjana Abi Yasa | K23: jl. Jemursari1 no 1A Surabaya | L23: 0318417117 | M23: Pendidikan, Software House | N23: 36 | O23: 48 | P23: B | Q23: B | R23: K | S23: B | T23: B | U23: B | V23: K | W23: K | X23: K | Y23: B | Z23: K | AA23: B | AB23: B | AC23: B | AD23: B | AE23: K | AF23: B | AG23: K | AH23: B | AI23: K | AJ23: B | AK23: B | AL23: B | AM23: B | AN23: B | AO23: K | AP23: K | AQ23: K | AR23: B | AS23: Perlu | AT23: Bahasa Pemrograman yang terkini | AU23: ya | AV23: Programmer (API, Mobile, Web) | AW23: Ya | AX23: Ya | AY23: Ya | AZ23: Ya | BA23: Ya | BB23: Software Development | BC23: B | BD23: Keahlian berdasar bidang ilmu, bahasa inggris, penggunaan Teknologi informasi, Pengambangan diri | BE23: Kreatif,loyal,Dapat berfikir Kritis,Mau dan mampu belajar hal baru dengna cepat,mampu bekerja dalam tim,mampu bekerja dalam tekanan
B24: 2017 | C24: Sarjana | D24: S1 Sistem Informasi | E24: 10410100201 | F24: Achmad Sony Syaiful Aziz | G24: Kardinah | H24: 082142142313 | I24: Kardinah@gmail.com / Kardinah@telkom.co.id | J24: PT. Telekomunikasi Indonesia (Surabaya) | K24: Jl. Mergoyoso 1-3 Surabaya | L24: 031-5450700 | M24: Telekomunikasi | N24: 2 | O24: 24 | P24: SB | Q24: SB | R24: B | S24: SB | T24: SB | U24: SB | V24: B | W24: B | X24: B | Y24: SB | Z24: SB | AA24: SB | AB24: SB | AC24: SB | AD24: SB | AE24: B | AF24: SB | AG24: B | AH24: SB | AI24: SB | AJ24: B | AK24: SB | AL24: SB | AM24: B | AN24: SB | AO24: B | AP24: SB | AQ24: SB | AR24: B | AS24: Tidak | AT24: - | AU24: Ya | AV24: Bidang IT Perusahaan | AW24: Tidak | AX24: Tidak | AY24: Ya | AZ24: Ya | BA24: Ya | BB24: - | BC24: SB | BD24: Intergritas Lulusan, Keahlian berdasar Bidang Ilmu, Penggunaan TI, Komunikasi, Kerjasama Tim | BE24: -
B25: 2017 | C25: Sarjana | D25: S1 Sistem Informasi | E25: 10410100241 | F25: Lukman Arie Setio Budi | G25: Sigit Pangestu | H25: 85645255840 | I25: sigitpangestu88@gmail.com | J25: RSUD RA Basoeni | K25: Jl. Raya Gedeg no 17 , Mojokerto | L25: 0321-364752 | M25: Jasa Pelayanan Kesehatan | N25: 1 | O25: 8 | P25: B | Q25: B | R25: B | S25: B | T25: SB | U25: B | V25: B | W25: K | X25: B | Y25: B | Z25: B | AA25: SB | AB25: SB | AC25: SB | AD25: SB | AE25: B | AF25: B | AG25: B | AH25: B | AI25: B | AJ25: SB | AK25: B | AL25: B | AM25: B | AN25: SB | AO25: B | AP25: B | AQ25: B | AR25: B | AS25: Perlu | AT25: Untuk Mengatasi Persaingan | AU25: Ta | AV25: Semua yang membahas TI | AW25: Tidak | AX25: Tidak | AY25: Tidak | AZ25: Tidak | BA25: Tidak | BB25: - | BC25: B | BD25: Bahasa Inggris | BE25: Mudah Beradaptasi dengan lingkungan
B26: 2017 | C26: Sarjana | D26: S1 Sistem Informasi | E26: 10410100245 | F26: Isnainul Amanda Perwirasari | G26: Erwin Sutomo | H26: 08977431599 | I26: Sutomo@dinamika.ac.id | J26: Universitas Dinamika | K26: Jl. Raya Kedung baruk no 98 | L26: 031-8721731 | M26: Pendidikan | N26: 7 | O26: 48 | P26: SB | Q26: SB | R26: B | S26: SB | T26: SB | U26: SB | V26: SB | W26: B | X26: B | Y26: SB | Z26: SB | AA26: SB | AB26: SB | AC26: SB | AD26: SB | AE26: B | AF26: SB | AG26: B | AH26: SB | AI26: SB | AJ26: SB | AK26: SB | AL26: SB | AM26: SB | AN26: SB | AO26: B | AP26: SB | AQ26: B | AR26: SB | AS26: Perlu | AT26: Mobile Apps Programming | AU26: Ya | AV26: Mobile Apps Programming | AW26: Ya | AX26: Ya | AY26: Ya | AZ26: Ya | BA26: Ya | BB26: Kerja Praktik dan Tugas Akhir | BC26: SB | BD26: Bahasa Asing Selain inggris | BE26: Mau eksplorasi sesuatu yang baru, memiliki endurance / daya tahan kerja yang B
B27: 2017 | C27: Sarjana | D27: S1 Sistem Informasi | E27: 11410100130 | F27: Brian Nusual Karyana Murti | G27: Nusual K | H27: 08123299090 | I27: - | J27: Venturo | K27: Jl. Madiun no 3, Gresik | L27: 081231257473 | M27: Perdagangan, bisnis | N27: 1 | O27: 24 | P27: B | Q27: B | R27: B | S27: SB | T27: SB | U27: B | V27: B | W27: B | X27: B | Y27: SB | Z27: SB | AA27: SB | AB27: B | AC27: B | AD27: SB | AE27: B | AF27: K | AG27: K | AH27: B | AI27: B | AJ27: SB | AK27: B | AL27: B | AM27: B | AN27: B | AO27: B | AP27: B | AQ27: K | AR27: K | AS27: Perlu | AT27: Optimasi pengelolaan Gudang | AU27: Ya | AV27: Sistem informasi Gudang | AW27: Tidak | AX27: Tidak | AY27: Tidak | AZ27: Ya | BA27: Tidak | BB27: - | BC27: B | BD27: Integritas Lulusan | BE27: Untuk saat ini kami membutuhkan lulusan TI untuk perawatan Jaringan
B28: 2017 | C28: Sarjana | D28: S1 Sistem Informasi | E28: 11410100203 | F28: Robiyanto | G28: Ilmanza Restuadi | H28: - | I28: - | J28: Sinergi Informatika Semen Indonesia | K28: Jl. Veteran Gresik Jawa Timur 61122 | L28: 031-3972091 | M28: Industri | N28: 6 | O28: 24 | P28: SB | Q28: SB | R28: B | S28: SB | T28: SB | U28: SB | V28: SB | W28: B | X28: B | Y28: SB | Z28: SB | AA28: SB | AB28: SB | AC28: SB | AD28: SB | AE28: B | AF28: SB | AG28: B | AH28: SB | AI28: SB | AJ28: SB | AK28: SB | AL28: SB | AM28: SB | AN28: SB | AO28: B | AP28: SB | AQ28: B | AR28: SB | AS28: Perlu | AT28: Mobile Apps Programming | AU28: Ya | AV28: Mobile Apps Programming | AW28: Ya | AX28: Ya | AY28: Ya | AZ28: Ya | BA28: Ya | BB28: - | BC28: SB | BD28: ERP | BE28: -
B29: 2017 | C29: Sarjana | D29: S1 Sistem Informasi | E29: 11410100272 | F29: Ivan Christiono Suharnoko | G29: Agustina Dwi Indrayanti | H29: 089615125477 | I29: agustina@dinamika.ac.id | J29: Universitas Dinamika | K29: Jl. Kedung baruk no 98 | L29: 0318721731 | M29: Pendidikan | N29: 3 | O29: 48 | P29: SB | Q29: SB | R29: B | S29: SB | T29: SB | U29: SB | V29: SB | W29: B | X29: B | Y29: SB | Z29: SB | AA29: SB | AB29: SB | AC29: SB | AD29: SB | AE29: B | AF29: B | AG29: K | AH29: B | AI29: K | AJ29: B | AK29: B | AL29: B | AM29: B | AN29: B | AO29: K | AP29: K | AQ29: K | AR29: B | AS29: Tidak perlu | AT29: - | AU29: Ya | AV29: - | AW29: Ya | AX29: Ya | AY29: Ya | AZ29: Ya | BA29: Ya | BB29: - | BC29: SB | BD29: - | BE29: -
B30: 2017 | C30: Sarjana | D30: S1 Sistem Informasi | E30: 12410100076 | F30: Agus Ariyanto | G30: Romeo | H30: 0817390037 | I30: romeo@ray.co.id | J30: PT. Renjana Abi Yasa | K30: jl. Jemursari1 no 1A Surabaya | L30: 0318417117 | M30: Pendidikan, Software House | N30: 36 | O30: 48 | P30: B | Q30: B | R30: K | S30: B | T30: B | U30: B | V30: K | W30: K | X30: K | Y30: B | Z30: K | AA30: B | AB30: B | AC30: B | AD30: B | AE30: K | AF30: B | AG30: K | AH30: B | AI30: K | AJ30: B | AK30: B | AL30: B | AM30: B | AN30: B | AO30: K | AP30: K | AQ30: K | AR30: B | AS30: Perlu | AT30: Bahasa Pemrograman yang terkini | AU30: ya | AV30: Programmer (API, Mobile, Web) | AW30: Ya | AX30: Ya | AY30: Ya | AZ30: Ya | BA30: Ya | BB30: Software Development | BC30: B | BD30: Keahlian berdasar bidang ilmu, bahasa inggris, penggunaan Teknologi informasi, Pengambangan diri | BE30: Kreatif,loyal,Dapat berfikir Kritis,Mau dan mampu belajar hal baru dengna cepat,mampu bekerja dalam tim,mampu bekerja dalam tekanan
B31: 2017 | C31: Sarjana | D31: S1 Sistem Informasi | E31: 13410100032 | F31: Tantri Mindrawan | G31: Yongki Agustinus | H31: 087862035757 | I31: Yongki@fantasktic.com | J31: PT. Fantasktic Teknologi Indonesia | K31: Jl. Sunses Road Tengah 80, Pertokoan Sunset 88, Bali | L31: - | M31: jasa Website Development | N31: 1 | O31: 12 | P31: SB | Q31: SB | R31: SB | S31: SB | T31: SB | U31: SB | V31: SB | W31: SB | X31: SB | Y31: SB | Z31: SB | AA31: B | AB31: SB | AC31: SB | AD31: SB | AE31: SB | AF31: SB | AG31: SB | AH31: SB | AI31: SB | AJ31: SB | AK31: SB | AL31: SB | AM31: SB | AN31: SB | AO31: SB | AP31: SB | AQ31: SB | AR31: SB | AS31: Perlu | AT31: Materi untuk Teknologi dan Pemrograman Terbaru | AU31: Tidak | AV31: - | AW31: Ya | AX31: Ya | AY31: Ya | AZ31: Ya | BA31: Ya | BB31: Workshop / Event Teknologi | BC31: SB | BD31: Tidak Ada | BE31: Profesional dan dapat beradaptasi dengan perkembangan Teknologi
B32: 2017 | C32: Sarjana | D32: S1 Sistem Informasi | E32: 11410100052 | F32: Anugrah Reksa Pradana | G32: F. Wenny C | H32: 082140056157 | I32: WennyChorniawati@yahoo.co.id | J32: Univ. Widya Mandala Sby | K32: Jl. Raya kaliasin selatan no 1 | L32: 031-99005299 | M32: Pendidikan | N32: 1 | O32: 24 | P32: B | Q32: SB | R32: B | S32: SB | T32: B | U32: SB | V32: B | W32: B | X32: B | Y32: SB | Z32: SB | AA32: SB | AB32: B | AC32: B | AD32: B | AE32: B | AF32: B | AG32: B | AH32: B | AI32: B | AJ32: B | AK32: B | AL32: B | AM32: B | AN32: B | AO32: B | AP32: B | AQ32: B | AR32: B | AS32: Perlu | AT32: Update dengan program terbaru | AU32: Ya | AV32: - | AW32: Tidak | AX32: Tidak | AY32: Ya | AZ32: Tidak | BA32: Ya | BB32: - | BC32: B | BD32: - | BE32: -
B33: 2017 | C33: Sarjana | D33: S1 Sistem Informasi | E33: 11410100085 | F33: Gazza Muhammad Oetama | G33: Totok Sugioto | H33: 081252398111 | I33: Maryadi23@gmail.com | J33: Bank Jatim | K33: Jl. Semolowaru 45 | L33: - | M33: Perbankan | N33: 1 | O33: 12 | P33: SB | Q33: B | R33: B | S33: SB | T33: SB | U33: B | V33: SB | W33: SB | X33: SB | Y33: SB | Z33: B | AA33: B | AB33: B | AC33: B | AD33: SB | AE33: B | AF33: SB | AG33: B | AH33: B | AI33: SB | AJ33: SB | AK33: B | AL33: SB | AM33: B | AN33: SB | AO33: B | AP33: B | AQ33: B | AR33: SB | AS33: Perlu | AT33: Teknologi Perbankan | AU33: Ya | AV33: Ya | AW33: Ya | AX33: Ya | AY33: Ya | AZ33: Ya | BA33: Ya | BB33: - | BC33: B | BD33: Integritas Lulusa, Bahasa Inggris | BE33: -
B34: 2017 | C34: Sarjana | D34: S1 Sistem Informasi | E34: 11410100094 | F34: Wahyu Surya Laksana | G34: Yudi Harsoyo | H34: 081553007346 | I34: Yudihasoyo@gmail.com | J34: PT. BMI | K34: Margomulyo Sby | L34: - | M34: Industri Seafood | N34: 1 | O34: 12 | P34: SB | Q34: SB | R34: SB | S34: SB | T34: SB | U34: SB | V34: SB | W34: B | X34: B | Y34: SB | Z34: SB | AA34: SB | AB34: SB | AC34: SB | AD34: SB | AE34: SB | AF34: SB | AG34: SB | AH34: SB | AI34: SB | AJ34: SB | AK34: SB | AL34: SB | AM34: SB | AN34: SB | AO34: SB | AP34: SB | AQ34: SB | AR34: SB | AS34: Tidak Perlu | AT34: - | AU34: Ya | AV34: Teknologi dan perkembangan IT | AW34: Tidak | AX34: Tidak | AY34: Ya | AZ34: Ya | BA34: Ya | BB34: - | BC34: B | BD34: Bahasa Inggris | BE34: -
B35: 2017 | C35: Sarjana | D35: S1 Sistem Informasi | E35: 11410100114 | F35: Anto Boga | G35: Anto | H35: 82333088805 | I35: antoboga8@gmail.com | J35: CV. Bina Rukun Canggu | K35: Dsn Pelabuhan Rt2 RT 1, Canggu Mojokerto | L35: 0321-361241 | M35: Perdagangan, bisnis | N35: 1 | O35: 12 | P35: B | Q35: B | R35: K | S35: SB | T35: B | U35: K | V35: B | W35: SK | X35: SK | Y35: B | Z35: SB | AA35: SB | AB35: B | AC35: K | AD35: B | AE35: SK | AF35: B | AG35: K | AH35: SK | AI35: SK | AJ35: K | AK35: K | AL35: B | AM35: K | AN35: B | AO35: K | AP35: K | AQ35: K | AR35: K | AS35: Perlu | AU35: Ya | AW35: Tidak | AX35: Tidak | AY35: Tidak | AZ35: Ya | BA35: Tidak | BB35: Komunikasi | BC35: B | BD35: Keterampilan berdasar bidang ilmu, Bahasa Inggris. Kerjasama Tim, Pengembangan Diri, | BE35: mampu Beradaptasi dengan linkungan serta pengembangan diri, komunikasi, manajemen diri, pengembangan bakat dan minat
B36: 2017 | C36: Sarjana | D36: S1 Sistem Informasi | E36: 12410100003 | F36: Rahman Nur Hadi | G36: Erwin Sutomo | H36: 08977431599 | I36: Sutomo@dinamika.ac.id | J36: Universitas Dinamika | K36: Jl. Raya Kedung baruk no 98 | L36: 031-8721731 | M36: Pendidikan | N36: 7 | O36: 48 | P36: SB | Q36: SB | R36: B | S36: SB | T36: SB | U36: SB | V36: SB | W36: B | X36: B | Y36: SB | Z36: SB | AA36: SB | AB36: SB | AC36: SB | AD36: SB | AE36: B | AF36: SB | AG36: B | AH36: SB | AI36: SB | AJ36: SB | AK36: SB | AL36: SB | AM36: SB | AN36: SB | AO36: B | AP36: SB | AQ36: B | AR36: SB | AS36: Perlu | AT36: Mobile Apps Programming | AU36: Ya | AV36: Mobile Apps Programming | AW36: Ya | AX36: Ya | AY36: Ya | AZ36: Ya | BA36: Ya | BB36: Kerja Praktik dan Tugas Akhir | BC36: SB | BD36: Bahasa Asing Selain inggris | BE36: Mau eksplorasi sesuatu yang baru, memiliki endurance / daya tahan kerja yang B
B37: 2017 | C37: Sarjana | D37: S1 Sistem Informasi | E37: 12410100016 | F37: Atia Arenda Banitrisna | G37: Ririn Yunita | H37: 81317605040 | I37: karyautama.stel@gmail.com | J37: PT. Karya Utama Steel | K37: Griya Candramas FA2, Sedati Sidoarjo | L37: 031-99038380 | M37: Perdagangan, bisnis | N37: 1 | O37: 12 | P37: B | Q37: B | R37: B | S37: B | T37: B | U37: B | V37: B | W37: B | X37: B | Y37: B | Z37: B | AA37: B | AB37: B | AC37: B | AD37: B | AE37: B | AF37: B | AG37: B | AH37: B | AI37: B | AJ37: B | AK37: B | AL37: B | AM37: B | AN37: B | AO37: B | AP37: B | AQ37: B | AR37: B | AS37: Tidak | AU37: Ya | AW37: Tidak | AX37: Tidak | AY37: Ya | AZ37: Ya | BA37: Tidak | BB37: - | BC37: B | BD37: - | BE37: -
B38: 2017 | C38: Sarjana | D38: S1 Sistem Informasi | E38: 12410100065 | F38: Rizal Dwi Putra | G38: Romeo | H38: 0817390037 | I38: romeo@ray.co.id | J38: PT. Renjana Abi Yasa | K38: jl. Jemursari1 no 1A Surabaya | L38: 0318417117 | M38: Pendidikan, Software House | N38: 36 | O38: 48 | P38: B | Q38: B | R38: K | S38: B | T38: B | U38: B | V38: K | W38: K | X38: K | Y38: B | Z38: K | AA38: B | AB38: B | AC38: B | AD38: B | AE38: K | AF38: B | AG38: K | AH38: B | AI38: K | AJ38: B | AK38: B | AL38: B | AM38: B | AN38: B | AO38: K | AP38: K | AQ38: K | AR38: B | AS38: Perlu | AT38: Bahasa Pemrograman yang terkini | AU38: ya | AV38: Programmer (API, Mobile, Web) | AW38: Ya | AX38: Ya | AY38: Ya | AZ38: Ya | BA38: Ya | BB38: Software Development | BC38: B | BD38: Keahlian berdasar bidang ilmu, bahasa inggris, penggunaan Teknologi informasi, Pengambangan diri
B39: 2017 | C39: Sarjana | D39: S1 Sistem Informasi | E39: 12410100186 | F39: Rachmat Alfian | G39: H. jaya Kusuma. SE | H39: 08124810512 | I39: - | J39: NPC Papua | K39: Jl. Raya Kelapa Dua Entrop Jayapura | L39: - | M39: Organisasi olah Raga | N39: 1 | O39: 12 | P39: B | Q39: B | R39: B | S39: B | T39: B | U39: SB | V39: SB | W39: B | X39: B | Y39: B | Z39: B | AA39: B | AB39: B | AC39: B | AD39: B | AE39: B | AF39: B | AG39: B | AH39: B | AI39: B | AJ39: SB | AK39: B | AL39: SB | AM39: SB | AN39: B | AO39: B | AP39: B | AQ39: K | AR39: B | AS39: Tidak perlu | AT39: - | AU39: Ya | AV39: - | AW39: Tidak | AX39: Ya | AY39: Ya | AZ39: Ytidak | BA39: Tidak | BB39: - | BC39: B | BD39: Pengembangan Diri | BE39: -
B40: 2017 | C40: Sarjana | D40: S1 Sistem Informasi | E40: 13410100035 | F40: Dewa Ayu Tri Utari | G40: Mohammad Badrunami | H40: 81233920913 | I40: Muhammad.Badrunami@gmail.com | J40: PT. Eyro Digital Teknologi | K40: Jl. Raya wiguna Timur no 25 Surabaya | L40: - | M40: Industri, IOT | N40: 2 | O40: 12 | P40: B | Q40: SB | R40: SB | S40: B | T40: SB | U40: SB | V40: SB | W40: B | X40: B | Y40: SB | Z40: SB | AA40: SB | AB40: SB | AC40: SB | AD40: SB | AE40: SB | AF40: SB | AG40: SB | AH40: SB | AI40: B | AJ40: SB | AK40: B | AL40: SB | AM40: B | AN40: SB | AO40: SB | AP40: SB | AQ40: B | AR40: SB | AS40: Tidak Perlu | AT40: - | AU40: Ya | AV40: Programmer | AW40: Ya | AX40: Ya | AY40: Ya | AZ40: Ya | BA40: Tidak | BB40: - | BC40: B | BD40: Keahlian berdasar Bidang Ilmu, Penggunaan TI | BE40: -
B41: 2017 | C41: Sarjana | D41: S1 Sistem Informasi | E41: 13410100041 | F41: Alan Kuncoro Raharjo | G41: Andrew Hadinyoto | H41: 0811330928 | I41: Andrew@garasilabs.com | J41: PT. Garasilabs | K41: Basuki Rachmat 106-128, Lt,5-01 | L41: 031-5349707 | M41: Jasa, Software | N41: 2 | O41: 36 | P41: SB | Q41: SB | R41: SB | S41: SB | T41: SB | U41: B | V41: B | W41: B | X41: B | Y41: B | Z41: B | AA41: SB | AB41: SB | AC41: SB | AD41: SB | AE41: SB | AF41: SB | AG41: B | AH41: SB | AI41: B | AJ41: B | AK41: B | AL41: SB | AM41: SB | AN41: B | AO41: B | AP41: B | AQ41: B | AR41: B | AS41: Perlu | AT41: Devops, Linux skills | AU41: Ya | AV41: Developer, Devops (server) | AW41: Ya | AX41: Ya | AY41: Ya | AZ41: Ya | BA41: Tidak | BB41: Software Development | BC41: SB | BD41: Bahasa Inggris, Penggunaan TI, Fundamental Programming, Data Struktur Linux | BE41: Pengetahuan Fundamental programming beserta operating system yang modern seperti node JS, Linux dna Juga pengetahuan tentang cloud computing teruutama Devops
B42: 2017 | C42: Sarjana | D42: S1 Sistem Informasi | E42: 13410100050 | F42: Agit Anggriawan | G42: Andrew Hadinyoto | H42: 0811330928 | I42: Andrew@garasilabs.com | J42: PT. Garasilabs | K42: Basuki Rachmat 106-128, Lt,5-01 | L42: 031-5349707 | M42: Jasa, Software | N42: 2 | O42: 36 | P42: SB | Q42: SB | R42: SB | S42: SB | T42: SB | U42: B | V42: B | W42: B | X42: B | Y42: B | Z42: B | AA42: SB | AB42: SB | AC42: SB | AD42: SB | AE42: SB | AF42: SB | AG42: B | AH42: SB | AI42: B | AJ42: B | AK42: B | AL42: SB | AM42: SB | AN42: B | AO42: B | AP42: B | AQ42: B | AR42: B | AS42: Perlu | AT42: Devops, Linux skills | AU42: Ya | AV42: Developer, Devops (server) | AW42: Ya | AX42: Ya | AY42: Ya | AZ42: Ya | BA42: Tidak | BB42: Software Development | BC42: SB | BD42: Bahasa Inggris, Penggunaan TI, Fundamental Programming, Data Struktur Linux | BE42: Pengetahuan Fundamental programming beserta operating system yang modern seperti node JS, Linux dna Juga pengetahuan tentang cloud computing teruutama Devops
B43: 2017 | C43: Sarjana | D43: S1 Sistem Informasi | E43: 13410100062 | F43: Ahmad Ramdhani Tuasamu | G43: Tan Amelia | H43: 08123246482 | I43: meli@dinamika@.ac.id | J43: Pusat Kerjasama - univ. Dinamika | K43: Jl. Raya Kedung baruk no 98 | L43: 031-8721731 | M43: Pendidikan, Jasa Software House | N43: 8 | O43: 60 | P43: SB | Q43: B | R43: B | S43: B | T43: B | U43: SB | V43: B | W43: K | X43: K | Y43: SB | Z43: SB | AA43: B | AB43: B | AC43: B | AD43: SB | AE43: B | AF43: B | AG43: B | AH43: B | AI43: B | AJ43: B | AK43: B | AL43: B | AM43: B | AN43: B | AO43: B | AP43: B | AQ43: B | AR43: B | AS43: Perlu | AT43: Manajemen Tim pengembang S/w, Web Developer, Mobile Developer, Analist Sstem, Bid Data | AU43: Ya | AV43: Software Developer Multi Platform | AW43: YA | AX43: Ya | AY43: Ya | AZ43: Tidak | BA43: Ya | BB43: Lowongan kerja mahasiswa / Lulusan Univ Dinamika | BC43: B | BD43: Bahasa Inggris, Kerjasama Tim | BE43: People yang mempunyai daya eksplorasi tinggi, bertanggung jawab, pintar bekerjasama dalam tim, dan mempunyai keahliamn tinggi dibidangnya
B44: 2017 | C44: Sarjana | D44: S1 Sistem Informasi | E44: 13410100076 | F44: Indra Pradana Andrianto | G44: Muji Mulangsih | H44: 8123071561 | I44: - | J44: Sakuran Printing | K44: Warugunung RT 05 Rw 02 | L44: 0317665824 | M44: pengecatan Besi | N44: 1 | O44: 24 | P44: B | Q44: B | R44: B | S44: B | T44: B | U44: B | V44: B | W44: K | X44: B | Y44: B | Z44: B | AA44: B | AB44: B | AC44: B | AD44: B | AE44: B | AF44: B | AG44: B | AH44: B | AI44: B | AJ44: B | AK44: B | AL44: SB | AM44: SB | AN44: SB | AO44: SB | AP44: SB | AQ44: B | AR44: B | AS44: Tidak Perlu | AU44: Tidak | AW44: Tidak | AX44: Tidak | AY44: Tidak | AZ44: Tidak | BA44: Tidak | BB44: - | BC44: B | BD44: Integritas Lulusan, Keahlian berdasar Bidang Ilmu, Komunikasi, Kerjasama Tim, Pengembangan Diri | BE44: Mampu mengoperasioak komputer dengab B akan tetapi untuk saat ini kami masih belum membutuhkan tenaga kerja,/ ahli di bidang teknologi informasi
B45: 2017 | C45: Sarjana | D45: S1 Sistem Informasi | E45: 13410100113 | F45: Yun Krisdianto | G45: Arnold N Sutandharu | H45: 08165443750 | I45: Asutandharu@gmail.com | J45: Inti Daya Engineering | K45: Ruko Section One E10-11, Surabaya | L45: 031-8416288 | M45: Jasa Teknik | N45: 3 | O45: 12 | P45: B | Q45: B | R45: K | S45: B | T45: B | U45: B | V45: B | W45: K | X45: B | Y45: SB | Z45: B | AA45: B | AB45: B | AC45: B | AD45: B | AE45: K | AF45: B | AG45: B | AH45: B | AI45: K | AJ45: B | AK45: B | AL45: B | AM45: SB | AN45: B | AO45: K | AP45: B | AQ45: B | AR45: B | AS45: Perlu | AT45: Otomasi mesin, Internet of Things | AU45: Ya | AV45: It Support, Automation Engineer, Digital marketing | AW45: Ya | AX45: Ya | AY45: Ya | AZ45: Ya | BA45: Ya | BB45: Product Research & Development, Kuliah Tamu, Magang dan Tugas Akhir | BC45: B | BD45: Bahasa Inggris, Critical Thingking | BE45: - Tahu apa yang bisa dan tidak bisa dilakukan dengan IT di bidang usaha yang dia masuki - kreatif dan ingin Tahu untuk berkembang di bidangnya - Eksploratic, tidak berhenti pada pengetahuan saat ini
B46: 2017 | C46: Sarjana | D46: S1 Sistem Informasi | E46: 13410100153 | F46: Dwiki Rizwan Nizar | G46: Didi Achmadi | H46: 82331010007 | I46: Aburevah@gmai.com | J46: Bappelitbangda kab. Sampang | K46: Jl Jamaluddin 18 Sampang | L46: (0323)323709 | M46: Instansi Pemerintah | N46: 1 | O46: 12 | P46: SB | Q46: SB | R46: B | S46: B | T46: B | U46: SB | V46: B | W46: K | X46: B | Y46: SB | Z46: SB | AA46: B | AB46: B | AC46: SB | AD46: SB | AE46: B | AF46: B | AG46: B | AH46: B | AI46: B | AJ46: B | AK46: SB | AL46: SB | AM46: SB | AN46: SB | AO46: B | AP46: B | AQ46: B | AR46: B | AS46: Perlu | AT46: Sistem informasi berbasis Anroid dan Crystal Report | AU46: Ta | AV46: Tenaga Teknis TI(Sistem Informasi Perencanaan) | AW46: Tidak | AX46: Tidak | AY46: Tidak | AZ46: Ya | BA46: Tidak | BB46: - | BC46: SB | BD46: Bahasa Inggris, Komunikasi, Pengembangan Diri | BE46: Bisa Memahami dan mengerti pengelolaan sistem informasi perencanaan pengembangan yang sudha kami miliki, Berintegritas, kerjasama Tim
B47: 2017 | C47: Sarjana | D47: S1 Sistem Informasi | E47: 13410100168 | F47: Elmy Andrean Saifulloh | G47: M.Mzulfhaidir | H47: 81330575330 | I47: Mohammad.Zulchaidir@gmail.com | J47: pemkot Surabaya (dinkominfo) | K47: Jl. Taman Surya No 1 | L47: - | M47: Pemerintahan | N47: 1 | O47: 12 | P47: B | Q47: B | R47: B | S47: B | T47: B | U47: B | V47: SB | W47: B | X47: B | Y47: SB | Z47: SB | AA47: SB | AB47: SB | AC47: SB | AD47: SB | AE47: SB | AF47: SB | AG47: SB | AH47: SB | AI47: SB | AJ47: SB | AK47: SB | AL47: SB | AM47: SB | AN47: SB | AO47: SB | AP47: SB | AQ47: SB | AR47: SB | AS47: Perlu | AT47: Aplikasi yang berbasis untuk masyarakat | AU47: Tidak | AV47: - | AW47: Tidak | AX47: Tidak | AY47: Tidak | AZ47: Ya | BA47: Tidak | BB47: - | BC47: SB | BD47: - | BE47: -
B48: 2017 | C48: Sarjana | D48: S1 Sistem Informasi | E48: 13410100204 | F48: Eko Probo Utomo | G48: Norman Erikson Suli | H48: 082112930711 | I48: norman.erikson@niaga-logistics.com | J48: PT. Sarana Bhakti Timur (Niaga Logistic) | K48: Jl. Kalianak S51P, Asemrowo Surabaya | L48: 0317490256 | M48: Jasa, EMKL / Forwarding | N48: 1 | O48: 5 | P48: B | Q48: B | R48: SB | S48: B | T48: B | U48: SB | V48: B | W48: B | X48: B | Y48: B | Z48: B | AA48: B | AB48: B | AC48: B | AD48: B | AE48: SB | AF48: B | AG48: B | AH48: B | AI48: B | AJ48: B | AK48: B | AL48: B | AM48: B | AN48: B | AO48: SB | AP48: B | AQ48: B | AR48: SB | AS48: Perlu | AT48: Update Dunia Industri 4.0 | AU48: Ya | AV48: Analis sistem | AW48: Ya | AX48: Ya | AY48: Ya | AZ48: Ya | BA48: Tidak | BB48: Magang | BC48: B | BD48: Update Aspek disiplin ilmu lain terkait IT | BE48: - Agile, Adaptive, Inovativ, Komunikatif
B49: 2017 | C49: Sarjana | D49: S1 Sistem Informasi | E49: 15410100168 | F49: Resa Dwiantoro | G49: Renny Dwi Ocktavia | H49: 082333679690 | I49: hrd@genesysindonesia.com | J49: PT. Genesys Integrated Indonesia | K49: Jl. Margorejo Indah II / A-317, Sby 60238 | L49: 031-8498188 | M49: Jasa, Konsultan IT | N49: 3 | O49: 32 | P49: B | Q49: SB | R49: SB | S49: B | T49: B | U49: SB | V49: SB | W49: B | X49: B | Y49: SB | Z49: SB | AA49: B | AB49: B | AC49: B | AD49: SB | AE49: SB | AF49: B | AG49: B | AH49: SB | AI49: B | AJ49: B | AK49: B | AL49: SB | AM49: SB | AN49: SB | AO49: SB | AP49: SB | AQ49: SB | AR49: SB | AS49: Perlu | AT49: Diajarkan teknologi baru | AU49: Ya | AV49: Programmer | AW49: Tidak | AX49: Tidak | AY49: Ya | AZ49: Ya | BA49: Tidak | BB49: - | BC49: SB | BD49: Tidak kurang, namun hanya perlu ditingkatkan | BE49: Update teknologi baru, kreative, dan inovative
B50: 2017 | C50: Sarjana | D50: S1 Teknik Komputer | E50: 12410200005 | F50: Muh. Harist Al Gaufiqy | G50: Andy Setyawan | H50: 8115000014 | I50: A_setyawan@telkomsel.co.id | J50: PT. Telkomsel | K50: Grapari Samarinda Komplek Mall Lembu | L50: - | M50: Telekomunikasi | N50: 1 | O50: 24 | P50: SB | Q50: SB | R50: SB | S50: SB | T50: SB | U50: B | V50: SB | W50: B | X50: B | Y50: B | Z50: B | AA50: B | AB50: B | AC50: B | AD50: B | AE50: B | AF50: B | AG50: B | AH50: B | AI50: B | AJ50: B | AK50: B | AL50: B | AM50: B | AN50: B | AO50: B | AP50: B | AQ50: B | AR50: B | AS50: Perlu | AT50: - | AU50: Ya | AV50: IT Engginer | AW50: Tidak | AX50: Tidak | AY50: Ya | AZ50: Ya | BA50: Tidak | BB50: - | BC50: B | BD50: - | BE50: IT Yang sesuai dengan perkemangan jaman. Saat ini masih banyak dibutuhkan tenaga kerja yang mengerti kaum milenial
B51: 2017 | C51: Sarjana | D51: S1 Teknik Komputer | E51: 13410200039 | F51: Edo Dwi Christianto | G51: Erwin Sutomo | H51: 08977431599 | I51: Sutomo@dinamika.ac.id | J51: Universitas Dinamika | K51: Jl. Raya Kedung baruk no 98 | L51: 031-8721731 | M51: Pendidikan | N51: 7 | O51: 48 | P51: SB | Q51: SB | R51: B | S51: SB | T51: SB | U51: SB | V51: SB | W51: B | X51: B | Y51: SB | Z51: SB | AA51: SB | AB51: SB | AC51: SB | AD51: SB | AE51: B | AF51: SB | AG51: B | AH51: SB | AI51: SB | AJ51: SB | AK51: SB | AL51: SB | AM51: SB | AN51: SB | AO51: B | AP51: SB | AQ51: B | AR51: SB | AS51: Perlu | AT51: Mobile Apps Programming | AU51: Ya | AV51: Mobile Apps Programming | AW51: Ya | AX51: Ya | AY51: Ya | AZ51: Ya | BA51: Ya | BB51: Kerja Praktik dan Tugas Akhir | BC51: SB | BD51: Bahasa Asing Selain inggris | BE51: Mau eksplorasi sesuatu yang baru, memiliki endurance / daya tahan kerja yang B
B52: 2017 | C52: Sarjana | D52: S1 Teknik Komputer | E52: 13410200047 | F52: Toni Setiawan Jaya | G52: Ira Puspasari | H52: 085648194805 | I52: Ira@dinamika.ac.id | J52: Universitas Dinamika | K52: Jl. Raya Kedung baruk no 98 | L52: 031-8721731 | M52: Pendidikan | N52: 3 | O52: 12 | P52: B | Q52: B | R52: B | S52: B | T52: B | U52: SB | V52: SB | W52: B | X52: B | Y52: SB | Z52: SB | AA52: B | AB52: B | AC52: B | AD52: B | AE52: B | AF52: B | AG52: B | AH52: B | AI52: B | AJ52: B | AK52: B | AL52: SB | AM52: SB | AN52: SB | AO52: B | AP52: B | AQ52: B | AR52: SB | AS52: Perlu | AT52: Pembekalan bhasa oinggris di dunia kerja | AU52: Ya | AV52: laboran | AW52: Ya | AX52: Ya | AY52: Ya | AZ52: Ya | BA52: Tidak | BB52: Bidang Akademik | BC52: SB | BD52: Bahasa Inggris | BE52: Lulusan yang adaptif, sesuai dengan perkembangan TI saat ini dan kemauan berkembang dan belajar
B53: 2017 | C53: Sarjana | D53: S1 Teknik Komputer | E53: 13410200055 | F53: Ian Mahesa Gilang Setyawan | G53: Farah Almas Riyanti | H53: 081131193636 | I53: Farah.almas@endo.id | J53: PT. Endo Indonesia | K53: Jl. Raya Menganti/14 | L53: - | M53: Distribusi alkes | N53: 1 | O53: 12 | P53: B | Q53: B | R53: B | S53: B | T53: B | U53: B | V53: B | W53: B | X53: B | Y53: B | Z53: B | AA53: B | AB53: B | AC53: B | AD53: B | AE53: B | AF53: B | AG53: B | AH53: B | AI53: SB | AJ53: B | AK53: B | AL53: B | AM53: B | AN53: B | AO53: B | AP53: B | AQ53: B | AR53: B | AS53: Perlu | AT53: - | AU53: Ya | AV53: - | AW53: Ya | AX53: Tidak | AY53: Ya | AZ53: Tidak | BA53: Tidak | BB53: RnD Alat Kesehatan | BC53: B | BD53: Bahasa Inggris | BE53: Menguasai lapangan kerja, tidak hanya teori saja
B54: 2017 | C54: Sarjana | D54: S1 Teknik Komputer | E54: 13410200095 | F54: Mohamad Zulfi Widipratama | G54: Heru Cahyono | H54: 85731282996 | I54: Heru76cahyono@gmail.com | J54: PT. Pakerin | K54: Jl. Raya Prambon no 50 | L54: 0321591377-9 | M54: Industri, Pulp And Paper | N54: 1 | O54: 24 | P54: SB | Q54: SB | R54: SB | S54: SB | T54: SB | U54: SB | V54: SB | W54: B | X54: B | Y54: SB | Z54: SB | AA54: B | AB54: B | AC54: B | AD54: B | AE54: B | AF54: SB | AG54: SB | AH54: SB | AI54: SB | AJ54: B | AK54: B | AL54: SB | AM54: SB | AN54: SB | AO54: SB | AP54: SB | AQ54: SB | AR54: SB | AS54: Perlu | AT54: Materi Listrik Arus Kuat | AU54: Ya | AV54: Control DCS dan PLC | AW54: Tidak | AX54: Ya | AY54: Ya | AZ54: Tidak | BA54: Tidak | BB54: - | BC54: SB | BD54: Tidak ada yang kurang, Lulusan yang bekerja disini Cakap, Mempunyai kemampuan, kualitas dan integritas yang B | BE54: PLC, DCS, Control Inverter, Programming Network, IoT
B55: 2017 | C55: Sarjana | D55: S1 Teknik Komputer | E55: 13410200121 | F55: M. Nizar | G55: Ira Puspasari | H55: 085648194805 | I55: Ira@dinamika.ac.id | J55: Universitas Dinamika | K55: Jl. Raya Kedung baruk no 98 | L55: 031-8721731 | M55: Pendidikan | N55: 3 | O55: 12 | P55: B | Q55: B | R55: B | S55: B | T55: B | U55: SB | V55: SB | W55: B | X55: B | Y55: SB | Z55: SB | AA55: B | AB55: B | AC55: B | AD55: B | AE55: B | AF55: B | AG55: B | AH55: B | AI55: B | AJ55: B | AK55: B | AL55: SB | AM55: SB | AN55: SB | AO55: B | AP55: B | AQ55: B | AR55: SB | AS55: Perlu | AT55: Pembekalan bhasa oinggris di dunia kerja | AU55: Ya | AV55: laboran | AW55: Ya | AX55: Ya | AY55: Ya | AZ55: Ya | BA55: Tidak | BB55: Bidang Akademik | BC55: SB | BD55: Bahasa Inggris | BE55: Lulusan yang adaptif, sesuai dengan perkembangan TI saat ini dan kemauan berkembang dan belajar
B56: 2017 | C56: Sarjana | D56: S1 Teknik Komputer | E56: 12410200007 | F56: Moh. Reza Syahrial | G56: Moh Reza S | H56: 81232544155 | I56: Reza.resa42@gmail.com | J56: SAVIX AC | K56: Jl. Dupak baru II 14 | L56: 031 3557185 | M56: Perdagangan, bisnis | N56: 1 | O56: 12 | P56: B | Q56: B | R56: B | S56: B | T56: B | U56: SB | V56: SB | W56: B | X56: B | Y56: SB | Z56: SB | AA56: B | AB56: SB | AC56: SB | AD56: B | AE56: B | AF56: SB | AG56: B | AH56: B | AI56: B | AJ56: B | AK56: B | AL56: B | AM56: B | AN56: SB | AO56: B | AP56: B | AQ56: B | AR56: B | AS56: Tidak Perlu | AT56: - | AU56: Ya | AV56: - | AW56: Tidak | AX56: Tidak | AY56: Tidak | AZ56: Tidak | BA56: Tidak | BB56: - | BC56: SB | BD56: Bahasa Inggris | BE56: -
B57: 2017 | C57: Sarjana | D57: S1 Teknik Komputer | E57: 13410200120 | F57: Rizkyana Surya Viranda | G57: Ira Puspasari | H57: 085648194805 | I57: Ira@dinamika.ac.id | J57: Universitas Dinamika | K57: Jl. Raya Kedung baruk no 98 | L57: 031-8721731 | M57: Pendidikan | N57: 3 | O57: 12 | P57: B | Q57: B | R57: B | S57: B | T57: B | U57: SB | V57: SB | W57: B | X57: B | Y57: SB | Z57: SB | AA57: B | AB57: B | AC57: B | AD57: B | AE57: B | AF57: B | AG57: B | AH57: B | AI57: B | AJ57: B | AK57: B | AL57: SB | AM57: SB | AN57: SB | AO57: B | AP57: B | AQ57: B | AR57: SB | AS57: Perlu | AT57: Pembekalan bhasa oinggris di dunia kerja | AU57: Ya | AV57: laboran | AW57: Ya | AX57: Ya | AY57: Ya | AZ57: Ya | BA57: Tidak | BB57: Bidang Akademik | BC57: SB | BD57: Bahasa Inggris | BE57: Lulusan yang adaptif, sesuai dengan perkembangan TI saat ini dan kemauan berkembang dan belajar
B58: 2017 | C58: Diploma Tiga | D58: D3 Sistem Informasi | E58: 14390100016 | F58: Arief Wahyu Wijaya | G58: - | H58: 315947505 | I58: - | J58: Stiesia Surabaya | K58: Jl. Menur Pumpungan No. 30 (Stiesia Surabaya) | L58: 315947505 | M58: Pendidikan | N58: 2 | O58: 12 | P58: SB | Q58: SB | R58: SB | S58: SB | T58: SB | U58: B | V58: SB | W58: SB | X58: SB | Y58: B | Z58: SB | AA58: SB | AB58: SB | AC58: SB | AD58: SB | AE58: SB | AF58: SB | AG58: SB | AH58: B | AI58: SB | AJ58: SB | AK58: SB | AL58: SB | AM58: SB | AN58: SB | AO58: SB | AP58: B | AQ58: SB | AR58: SB | AS58: Tidak Perlu | AT58: - | AU58: Tidak | AV58: - | AW58: Ya | AX58: Ya | AY58: Tidak | AZ58: Tidak | BA58: Ya | BB58: - | BC58: Sangat Baik | BD58: Penggunaan TI, Pengembangan Diri | BE58: -
B61: PERHITUNGAN UNIVERSITAS | I61: PERHITUNGAN FTI | AD61: PERHITUNGAN FDIK | AR61: PERHITUNGAN FEB
B63: Prodi | C63: Universitas | I63: Prodi | J63: S1 Teknik Komputer | P63: Prodi | Q63: S1 Sistem Informasi | W63: Prodi | X63: D3 Sistem Informasi | AD63: Prodi | AE63: S1 Desain Komunikasi Visual | AK63: Prodi | AL63: D4 Produksi Film dan Televisi | AR63: Prodi | AS63: D3 Administrasi Perkantoran
B64: Tahun Lulus | C64: 2017 | I64: Tahun Lulus | J64: 2017 | P64: Tahun Lulus | Q64: 2017 | W64: Tahun Lulus | X64: 2017 | AD64: Tahun Lulus | AE64: 2017 | AK64: Tahun Lulus | AL64: 2017 | AR64: Tahun Lulus | AS64: 2017
B65: Jumlah Resp | C65: =COUNTIF(TblUniv2017[th lulus],C64) -> 56 | I65: Jumlah Resp | J65: =COUNTIFS(TblUniv2017[th lulus],J64,TblUniv2017[Prodi],J63) -> 8 | P65: Jumlah Resp | Q65: =COUNTIFS(TblUniv2017[th lulus],Q64,TblUniv2017[Prodi],Q63) -> 34 | W65: Jumlah Resp | X65: =COUNTIFS(TblUniv2017[th lulus],X64,TblUniv2017[Prodi],X63) -> 5 | AD65: Jumlah Resp | AE65: =COUNTIFS(TblUniv2017[th lulus],AE64,TblUniv2017[Prodi],AE63) -> 1 | AK65: Jumlah Resp | AL65: =COUNTIFS(TblUniv2017[th lulus],AL64,TblUniv2017[Prodi],AL63) -> 2 | AR65: Jumlah Resp | AS65: =COUNTIFS(TblUniv2017[th lulus],AS64,TblUniv2017[Prodi],AS63) -> 6
C66: SB | D66: B | E66: K | F66: SK | J66: SB | K66: B | L66: K | M66: SK | Q66: SB | R66: B | S66: K | T66: SK | X66: SB | Y66: B | Z66: K | AA66: SK | AE66: SB | AF66: B | AG66: K | AH66: SK | AL66: SB | AM66: B | AN66: K | AO66: SK | AS66: SB | AT66: B | AU66: K | AV66: SK
B67: B1 | C67: =COUNTIFS(TblUniv2017[B1],$C$66)/$C$65*100% -> 0.44642857 | D67: =COUNTIFS(TblUniv2017[B1],$D$66)/C65*100% -> 0.55357143 | E67: =COUNTIFS(TblUniv2017[B1],$E$66)/C65*100% -> 0 | F67: =COUNTIFS(TblUniv2017[B1],$F$66)/C65*100% -> 0 | G67: =SUM(C67:F67) -> 1 | I67: B1 | J67: =COUNTIFS(TblUniv2017[B1],J$66,TblUniv2017[Prodi],$J$63)/$J$65*100% -> 0.375 | K67: =COUNTIFS(TblUniv2017[B1],K$66,TblUniv2017[Prodi],$J$63)/$J$65*100% -> 0.625 | L67: =COUNTIFS(TblUniv2017[B1],L$66,TblUniv2017[Prodi],$J$63)/$J$65*100% -> 0 | M67: =COUNTIFS(TblUniv2017[B1],M$66,TblUniv2017[Prodi],$J$63)/$J$65*100% -> 0 | N67: =SUM(J67:M67) -> 1 | P67: B1 | Q67: =COUNTIFS(TblUniv2017[B1],Q$66,TblUniv2017[Prodi],$Q$63)/$Q$65*100% -> 0.44117647 | R67: =COUNTIFS(TblUniv2017[B1],R$66,TblUniv2017[Prodi],$Q$63)/$Q$65*100% -> 0.55882353 | S67: =COUNTIFS(TblUniv2017[B1],S$66,TblUniv2017[Prodi],$Q$63)/$Q$65*100% -> 0 | T67: =COUNTIFS(TblUniv2017[B1],T$66,TblUniv2017[Prodi],$Q$63)/$Q$65*100% -> 0 | U67: =SUM(Q67:T67) -> 1 | W67: B1 | X67: =COUNTIFS(TblUniv2017[B1],X$66,TblUniv2017[Prodi],$X$63)/$X$65*100% -> 0.4 | Y67: =COUNTIFS(TblUniv2017[B1],Y$66,TblUniv2017[Prodi],$X$63)/$X$65*100% -> 0.6 | Z67: =COUNTIFS(TblUniv2017[B1],Z$66,TblUniv2017[Prodi],$X$63)/$X$65*100% -> 0 | AA67: =COUNTIFS(TblUniv2017[B1],AA$66,TblUniv2017[Prodi],$X$63)/$X$65*100% -> 0 | AB67: =SUM(X67:AA67) -> 1 | AD67: B1 | AE67: =COUNTIFS(TblUniv2017[B1],AE$66,TblUniv2017[Prodi],$AE$63)/$AE$65*100% -> 0 | AF67: =COUNTIFS(TblUniv2017[B1],AF$66,TblUniv2017[Prodi],$AE$63)/$AE$65*100% -> 1 | AG67: =COUNTIFS(TblUniv2017[B1],AG$66,TblUniv2017[Prodi],$AE$63)/$AE$65*100% -> 0 | AH67: =COUNTIFS(TblUniv2017[B1],AH$66,TblUniv2017[Prodi],$AE$63)/$AE$65*100% -> 0 | AI67: =SUM(AE67:AH67) -> 1 | AK67: B1 | AL67: =COUNTIFS(TblUniv2017[B1],AL$66,TblUniv2017[Prodi],$AL$63)/$AL$65*100% -> 1 | AM67: =COUNTIFS(TblUniv2017[B1],AM$66,TblUniv2017[Prodi],$AL$63)/$AL$65*100% -> 0 | AN67: =COUNTIFS(TblUniv2017[B1],AN$66,TblUniv2017[Prodi],$AL$63)/$AL$65*100% -> 0 | AO67: =COUNTIFS(TblUniv2017[B1],AO$66,TblUniv2017[Prodi],$AL$63)/$AL$65*100% -> 0 | AP67: =SUM(AL67:AO67) -> 1 | AR67: B1 | AS67: =COUNTIFS(TblUniv2017[B1],AS$66,TblUniv2017[Prodi],$AS$63)/$AS$65*100% -> 0.5 | AT67: =COUNTIFS(TblUniv2017[B1],AT$66,TblUniv2017[Prodi],$AS$63)/$AS$65*100% -> 0.5 | AU67: =COUNTIFS(TblUniv2017[B1],AU$66,TblUniv2017[Prodi],$AS$63)/$AS$65*100% -> 0 | AV67: =COUNTIFS(TblUniv2017[B1],AV$66,TblUniv2017[Prodi],$AS$63)/$AS$65*100% -> 0 | AW67: =SUM(AS67:AV67) -> 1
B68: B2 | C68: =COUNTIFS(TblUniv2017[B2],$C$66)/C65*100% -> 0.51785714 | D68: =COUNTIFS(TblUniv2017[B2],$D$66)/C65*100% -> 0.48214286 | E68: =COUNTIFS(TblUniv2017[B2],$E$66)/C65*100% -> 0 | F68: =COUNTIFS(TblUniv2017[B2],$F$66)/C65*100% -> 0 | G68: =SUM(C68:F68) -> 1 | I68: B2 | J68: =COUNTIFS(TblUniv2017[B2],J$66,TblUniv2017[Prodi],$J$63)/$J$65*100% -> 0.375 | K68: =COUNTIFS(TblUniv2017[B2],K$66,TblUniv2017[Prodi],$J$63)/$J$65*100% -> 0.625 | L68: =COUNTIFS(TblUniv2017[B2],L$66,TblUniv2017[Prodi],$J$63)/$J$65*100% -> 0 | M68: =COUNTIFS(TblUniv2017[B2],M$66,TblUniv2017[Prodi],$J$63)/$J$65*100% -> 0 | N68: =SUM(J68:M68) -> 1 | P68: B2 | Q68: =COUNTIFS(TblUniv2017[B2],Q$66,TblUniv2017[Prodi],$Q$63)/$Q$65*100% -> 0.5 | R68: =COUNTIFS(TblUniv2017[B2],R$66,TblUniv2017[Prodi],$Q$63)/$Q$65*100% -> 0.5 | S68: =COUNTIFS(TblUniv2017[B2],S$66,TblUniv2017[Prodi],$Q$63)/$Q$65*100% -> 0 | T68: =COUNTIFS(TblUniv2017[B2],T$66,TblUniv2017[Prodi],$Q$63)/$Q$65*100% -> 0 | U68: =SUM(Q68:T68) -> 1 | W68: B2 | X68: =COUNTIFS(TblUniv2017[B2],X$66,TblUniv2017[Prodi],$X$63)/$X$65*100% -> 0.6 | Y68: =COUNTIFS(TblUniv2017[B2],Y$66,TblUniv2017[Prodi],$X$63)/$X$65*100% -> 0.4 | Z68: =COUNTIFS(TblUniv2017[B2],Z$66,TblUniv2017[Prodi],$X$63)/$X$65*100% -> 0 | AA68: =COUNTIFS(TblUniv2017[B2],AA$66,TblUniv2017[Prodi],$X$63)/$X$65*100% -> 0 | AB68: =SUM(X68:AA68) -> 1 | AD68: B2 | AE68: =COUNTIFS(TblUniv2017[B2],AE$66,TblUniv2017[Prodi],$AE$63)/$AE$65*100% -> 1 | AF68: =COUNTIFS(TblUniv2017[B2],AF$66,TblUniv2017[Prodi],$AE$63)/$AE$65*100% -> 0 | AG68: =COUNTIFS(TblUniv2017[B2],AG$66,TblUniv2017[Prodi],$AE$63)/$AE$65*100% -> 0 | AH68: =COUNTIFS(TblUniv2017[B2],AH$66,TblUniv2017[Prodi],$AE$63)/$AE$65*100% -> 0 | AI68: =SUM(AE68:AH68) -> 1 | AK68: B2 | AL68: =COUNTIFS(TblUniv2017[B2],AL$66,TblUniv2017[Prodi],$AL$63)/$AL$65*100% -> 1 | AM68: =COUNTIFS(TblUniv2017[B2],AM$66,TblUniv2017[Prodi],$AL$63)/$AL$65*100% -> 0 | AN68: =COUNTIFS(TblUniv2017[B2],AN$66,TblUniv2017[Prodi],$AL$63)/$AL$65*100% -> 0 | AO68: =COUNTIFS(TblUniv2017[B2],AO$66,TblUniv2017[Prodi],$AL$63)/$AL$65*100% -> 0 | AP68: =SUM(AL68:AO68) -> 1 | AR68: B2 | AS68: =COUNTIFS(TblUniv2017[B2],AS$66,TblUniv2017[Prodi],$AS$63)/$AS$65*100% -> 0.5 | AT68: =COUNTIFS(TblUniv2017[B2],AT$66,TblUniv2017[Prodi],$AS$63)/$AS$65*100% -> 0.5 | AU68: =COUNTIFS(TblUniv2017[B2],AU$66,TblUniv2017[Prodi],$AS$63)/$AS$65*100% -> 0 | AV68: =COUNTIFS(TblUniv2017[B2],AV$66,TblUniv2017[Prodi],$AS$63)/$AS$65*100% -> 0 | AW68: =SUM(AS68:AV68) -> 1
B69: B3 | C69: =COUNTIFS(TblUniv2017[B3],$C$66)/C65*100% -> 0.30357143 | D69: =COUNTIFS(TblUniv2017[B3],$D$66)/C65*100% -> 0.57142857 | E69: =COUNTIFS(TblUniv2017[B3],$E$66)/C65*100% -> 0.125 | F69: =COUNTIFS(TblUniv2017[B3],$F$66)/C65*100% -> 0 | G69: =SUM(C69:F69) -> 1 | I69: B3 | J69: =COUNTIFS(TblUniv2017[B3],J$66,TblUniv2017[Prodi],$J$63)/$J$65*100% -> 0.25 | K69: =COUNTIFS(TblUniv2017[B3],K$66,TblUniv2017[Prodi],$J$63)/$J$65*100% -> 0.75 | L69: =COUNTIFS(TblUniv2017[B3],L$66,TblUniv2017[Prodi],$J$63)/$J$65*100% -> 0 | M69: =COUNTIFS(TblUniv2017[B3],M$66,TblUniv2017[Prodi],$J$63)/$J$65*100% -> 0 | N69: =SUM(J69:M69) -> 1 | P69: B3 | Q69: =COUNTIFS(TblUniv2017[B3],Q$66,TblUniv2017[Prodi],$Q$63)/$Q$65*100% -> 0.29411765 | R69: =COUNTIFS(TblUniv2017[B3],R$66,TblUniv2017[Prodi],$Q$63)/$Q$65*100% -> 0.5 | S69: =COUNTIFS(TblUniv2017[B3],S$66,TblUniv2017[Prodi],$Q$63)/$Q$65*100% -> 0.20588235 | T69: =COUNTIFS(TblUniv2017[B3],T$66,TblUniv2017[Prodi],$Q$63)/$Q$65*100% -> 0 | U69: =SUM(Q69:T69) -> 1 | W69: B3 | X69: =COUNTIFS(TblUniv2017[B3],X$66,TblUniv2017[Prodi],$X$63)/$X$65*100% -> 0.4 | Y69: =COUNTIFS(TblUniv2017[B3],Y$66,TblUniv2017[Prodi],$X$63)/$X$65*100% -> 0.6 | Z69: =COUNTIFS(TblUniv2017[B3],Z$66,TblUniv2017[Prodi],$X$63)/$X$65*100% -> 0 | AA69: =COUNTIFS(TblUniv2017[B3],AA$66,TblUniv2017[Prodi],$X$63)/$X$65*100% -> 0 | AB69: =SUM(X69:AA69) -> 1 | AD69: B3 | AE69: =COUNTIFS(TblUniv2017[B3],AE$66,TblUniv2017[Prodi],$AE$63)/$AE$65*100% -> 0 | AF69: =COUNTIFS(TblUniv2017[B3],AF$66,TblUniv2017[Prodi],$AE$63)/$AE$65*100% -> 1 | AG69: =COUNTIFS(TblUniv2017[B3],AG$66,TblUniv2017[Prodi],$AE$63)/$AE$65*100% -> 0 | AH69: =COUNTIFS(TblUniv2017[B3],AH$66,TblUniv2017[Prodi],$AE$63)/$AE$65*100% -> 0 | AI69: =SUM(AE69:AH69) -> 1 | AK69: B3 | AL69: =COUNTIFS(TblUniv2017[B3],AL$66,TblUniv2017[Prodi],$AL$63)/$AL$65*100% -> 0 | AM69: =COUNTIFS(TblUniv2017[B3],AM$66,TblUniv2017[Prodi],$AL$63)/$AL$65*100% -> 1 | AN69: =COUNTIFS(TblUniv2017[B3],AN$66,TblUniv2017[Prodi],$AL$63)/$AL$65*100% -> 0 | AO69: =COUNTIFS(TblUniv2017[B3],AO$66,TblUniv2017[Prodi],$AL$63)/$AL$65*100% -> 0 | AP69: =SUM(AL69:AO69) -> 1 | AR69: B3 | AS69: =COUNTIFS(TblUniv2017[B3],AS$66,TblUniv2017[Prodi],$AS$63)/$AS$65*100% -> 0.5 | AT69: =COUNTIFS(TblUniv2017[B3],AT$66,TblUniv2017[Prodi],$AS$63)/$AS$65*100% -> 0.5 | AU69: =COUNTIFS(TblUniv2017[B3],AU$66,TblUniv2017[Prodi],$AS$63)/$AS$65*100% -> 0 | AV69: =COUNTIFS(TblUniv2017[B3],AV$66,TblUniv2017[Prodi],$AS$63)/$AS$65*100% -> 0 | AW69: =SUM(AS69:AV69) -> 1
B70: B4 | C70: =COUNTIFS(TblUniv2017[B4],$C$66)/C65*100% -> 0.44642857 | D70: =COUNTIFS(TblUniv2017[B4],$D$66)/C65*100% -> 0.55357143 | E70: =COUNTIFS(TblUniv2017[B4],$E$66)/C65*100% -> 0 | F70: =COUNTIFS(TblUniv2017[B4],$F$66)/C65*100% -> 0 | G70: =SUM(C70:F70) -> 1 | I70: B4 | J70: =COUNTIFS(TblUniv2017[B4],J$66,TblUniv2017[Prodi],$J$63)/$J$65*100% -> 0.375 | K70: =COUNTIFS(TblUniv2017[B4],K$66,TblUniv2017[Prodi],$J$63)/$J$65*100% -> 0.625 | L70: =COUNTIFS(TblUniv2017[B4],L$66,TblUniv2017[Prodi],$J$63)/$J$65*100% -> 0 | M70: =COUNTIFS(TblUniv2017[B4],M$66,TblUniv2017[Prodi],$J$63)/$J$65*100% -> 0 | N70: =SUM(J70:M70) -> 1 | P70: B4 | Q70: =COUNTIFS(TblUniv2017[B4],Q$66,TblUniv2017[Prodi],$Q$63)/$Q$65*100% -> 0.47058824 | R70: =COUNTIFS(TblUniv2017[B4],R$66,TblUniv2017[Prodi],$Q$63)/$Q$65*100% -> 0.52941176 | S70: =COUNTIFS(TblUniv2017[B4],S$66,TblUniv2017[Prodi],$Q$63)/$Q$65*100% -> 0 | T70: =COUNTIFS(TblUniv2017[B4],T$66,TblUniv2017[Prodi],$Q$63)/$Q$65*100% -> 0 | U70: =SUM(Q70:T70) -> 1 | W70: B4 | X70: =COUNTIFS(TblUniv2017[B4],X$66,TblUniv2017[Prodi],$X$63)/$X$65*100% -> 0.2 | Y70: =COUNTIFS(TblUniv2017[B4],Y$66,TblUniv2017[Prodi],$X$63)/$X$65*100% -> 0.8 | Z70: =COUNTIFS(TblUniv2017[B4],Z$66,TblUniv2017[Prodi],$X$63)/$X$65*100% -> 0 | AA70: =COUNTIFS(TblUniv2017[B4],AA$66,TblUniv2017[Prodi],$X$63)/$X$65*100% -> 0 | AB70: =SUM(X70:AA70) -> 1 | AD70: B4 | AE70: =COUNTIFS(TblUniv2017[B4],AE$66,TblUniv2017[Prodi],$AE$63)/$AE$65*100% -> 0 | AF70: =COUNTIFS(TblUniv2017[B4],AF$66,TblUniv2017[Prodi],$AE$63)/$AE$65*100% -> 1 | AG70: =COUNTIFS(TblUniv2017[B4],AG$66,TblUniv2017[Prodi],$AE$63)/$AE$65*100% -> 0 | AH70: =COUNTIFS(TblUniv2017[B4],AH$66,TblUniv2017[Prodi],$AE$63)/$AE$65*100% -> 0 | AI70: =SUM(AE70:AH70) -> 1 | AK70: B4 | AL70: =COUNTIFS(TblUniv2017[B4],AL$66,TblUniv2017[Prodi],$AL$63)/$AL$65*100% -> 1 | AM70: =COUNTIFS(TblUniv2017[B4],AM$66,TblUniv2017[Prodi],$AL$63)/$AL$65*100% -> 0 | AN70: =COUNTIFS(TblUniv2017[B4],AN$66,TblUniv2017[Prodi],$AL$63)/$AL$65*100% -> 0 | AO70: =COUNTIFS(TblUniv2017[B4],AO$66,TblUniv2017[Prodi],$AL$63)/$AL$65*100% -> 0 | AP70: =SUM(AL70:AO70) -> 1 | AR70: B4 | AS70: =COUNTIFS(TblUniv2017[B4],AS$66,TblUniv2017[Prodi],$AS$63)/$AS$65*100% -> 0.5 | AT70: =COUNTIFS(TblUniv2017[B4],AT$66,TblUniv2017[Prodi],$AS$63)/$AS$65*100% -> 0.5 | AU70: =COUNTIFS(TblUniv2017[B4],AU$66,TblUniv2017[Prodi],$AS$63)/$AS$65*100% -> 0 | AV70: =COUNTIFS(TblUniv2017[B4],AV$66,TblUniv2017[Prodi],$AS$63)/$AS$65*100% -> 0 | AW70: =SUM(AS70:AV70) -> 1
B71: B5 | C71: =COUNTIFS(TblUniv2017[B5],$C$66)/C65*100% -> 0.48214286 | D71: =COUNTIFS(TblUniv2017[B5],$D$66)/C65*100% -> 0.51785714 | E71: =COUNTIFS(TblUniv2017[B5],$E$66)/C65*100% -> 0 | F71: =COUNTIFS(TblUniv2017[B5],$F$66)/C65*100% -> 0 | G71: =SUM(C71:F71) -> 1 | I71: B5 | J71: =COUNTIFS(TblUniv2017[B5],J$66,TblUniv2017[Prodi],$J$63)/$J$65*100% -> 0.375 | K71: =COUNTIFS(TblUniv2017[B5],K$66,TblUniv2017[Prodi],$J$63)/$J$65*100% -> 0.625 | L71: =COUNTIFS(TblUniv2017[B5],L$66,TblUniv2017[Prodi],$J$63)/$J$65*100% -> 0 | M71: =COUNTIFS(TblUniv2017[B5],M$66,TblUniv2017[Prodi],$J$63)/$J$65*100% -> 0 | N71: =SUM(J71:M71) -> 1 | P71: B5 | Q71: =COUNTIFS(TblUniv2017[B5],Q$66,TblUniv2017[Prodi],$Q$63)/$Q$65*100% -> 0.47058824 | R71: =COUNTIFS(TblUniv2017[B5],R$66,TblUniv2017[Prodi],$Q$63)/$Q$65*100% -> 0.52941176 | S71: =COUNTIFS(TblUniv2017[B5],S$66,TblUniv2017[Prodi],$Q$63)/$Q$65*100% -> 0 | T71: =COUNTIFS(TblUniv2017[B5],T$66,TblUniv2017[Prodi],$Q$63)/$Q$65*100% -> 0 | U71: =SUM(Q71:T71) -> 1 | W71: B5 | X71: =COUNTIFS(TblUniv2017[B5],X$66,TblUniv2017[Prodi],$X$63)/$X$65*100% -> 0.6 | Y71: =COUNTIFS(TblUniv2017[B5],Y$66,TblUniv2017[Prodi],$X$63)/$X$65*100% -> 0.4 | Z71: =COUNTIFS(TblUniv2017[B5],Z$66,TblUniv2017[Prodi],$X$63)/$X$65*100% -> 0 | AA71: =COUNTIFS(TblUniv2017[B5],AA$66,TblUniv2017[Prodi],$X$63)/$X$65*100% -> 0 | AB71: =SUM(X71:AA71) -> 1 | AD71: B5 | AE71: =COUNTIFS(TblUniv2017[B5],AE$66,TblUniv2017[Prodi],$AE$63)/$AE$65*100% -> 0 | AF71: =COUNTIFS(TblUniv2017[B5],AF$66,TblUniv2017[Prodi],$AE$63)/$AE$65*100% -> 1 | AG71: =COUNTIFS(TblUniv2017[B5],AG$66,TblUniv2017[Prodi],$AE$63)/$AE$65*100% -> 0 | AH71: =COUNTIFS(TblUniv2017[B5],AH$66,TblUniv2017[Prodi],$AE$63)/$AE$65*100% -> 0 | AI71: =SUM(AE71:AH71) -> 1 | AK71: B5 | AL71: =COUNTIFS(TblUniv2017[B5],AL$66,TblUniv2017[Prodi],$AL$63)/$AL$65*100% -> 1 | AM71: =COUNTIFS(TblUniv2017[B5],AM$66,TblUniv2017[Prodi],$AL$63)/$AL$65*100% -> 0 | AN71: =COUNTIFS(TblUniv2017[B5],AN$66,TblUniv2017[Prodi],$AL$63)/$AL$65*100% -> 0 | AO71: =COUNTIFS(TblUniv2017[B5],AO$66,TblUniv2017[Prodi],$AL$63)/$AL$65*100% -> 0 | AP71: =SUM(AL71:AO71) -> 1 | AR71: B5 | AS71: =COUNTIFS(TblUniv2017[B5],AS$66,TblUniv2017[Prodi],$AS$63)/$AS$65*100% -> 0.5 | AT71: =COUNTIFS(TblUniv2017[B5],AT$66,TblUniv2017[Prodi],$AS$63)/$AS$65*100% -> 0.5 | AU71: =COUNTIFS(TblUniv2017[B5],AU$66,TblUniv2017[Prodi],$AS$63)/$AS$65*100% -> 0 | AV71: =COUNTIFS(TblUniv2017[B5],AV$66,TblUniv2017[Prodi],$AS$63)/$AS$65*100% -> 0 | AW71: =SUM(AS71:AV71) -> 1
C72: =AVERAGE(C67:C71) -> 0.43928571 | D72: =AVERAGE(D67:D71) -> 0.53571429 | E72: =AVERAGE(E67:E71) -> 0.025 | F72: =AVERAGE(F67:F71) -> 0 | G72: =SUM(C72:F72) -> 1 | J72: =AVERAGE(J67:J71) -> 0.35 | K72: =AVERAGE(K67:K71) -> 0.65 | L72: =AVERAGE(L67:L71) -> 0 | M72: =AVERAGE(M67:M71) -> 0 | N72: =SUM(J72:M72) -> 1 | Q72: =AVERAGE(Q67:Q71) -> 0.43529412 | R72: =AVERAGE(R67:R71) -> 0.52352941 | S72: =AVERAGE(S67:S71) -> 0.041176471 | T72: =AVERAGE(T67:T71) -> 0 | U72: =SUM(Q72:T72) -> 1 | X72: =AVERAGE(X67:X71) -> 0.44 | Y72: =AVERAGE(Y67:Y71) -> 0.56 | Z72: =AVERAGE(Z67:Z71) -> 0 | AA72: =AVERAGE(AA67:AA71) -> 0 | AB72: =SUM(X72:AA72) -> 1 | AE72: =AVERAGE(AE67:AE71) -> 0.2 | AF72: =AVERAGE(AF67:AF71) -> 0.8 | AG72: =AVERAGE(AG67:AG71) -> 0 | AH72: =AVERAGE(AH67:AH71) -> 0 | AI72: =SUM(AE72:AH72) -> 1 | AL72: =AVERAGE(AL67:AL71) -> 0.8 | AM72: =AVERAGE(AM67:AM71) -> 0.2 | AN72: =AVERAGE(AN67:AN71) -> 0 | AO72: =AVERAGE(AO67:AO71) -> 0 | AP72: =SUM(AL72:AO72) -> 1 | AS72: =AVERAGE(AS67:AS71) -> 0.5 | AT72: =AVERAGE(AT67:AT71) -> 0.5 | AU72: =AVERAGE(AU67:AU71) -> 0 | AV72: =AVERAGE(AV67:AV71) -> 0 | AW72: =SUM(AS72:AV72) -> 1
B73: C1 | C73: =COUNTIFS(TblUniv2017[C1],$C$66)/$C$65*100% -> 0.5 | D73: =COUNTIFS(TblUniv2017[C1],$D$66)/$C$65*100% -> 0.44642857 | E73: =COUNTIFS(TblUniv2017[C1],$E$66)/$C$65*100% -> 0.053571429 | F73: =COUNTIFS(TblUniv2017[C1],$F$66)/$C$65*100% -> 0 | G73: =SUM(C73:F73) -> 1 | I73: C1 | J73: =COUNTIFS(TblUniv2017[C1],J$66,TblUniv2017[Prodi],$J$63)/$J$65*100% -> 0.75 | K73: =COUNTIFS(TblUniv2017[C1],K$66,TblUniv2017[Prodi],$J$63)/$J$65*100% -> 0.25 | L73: =COUNTIFS(TblUniv2017[C1],L$66,TblUniv2017[Prodi],$J$63)/$J$65*100% -> 0 | M73: =COUNTIFS(TblUniv2017[C1],M$66,TblUniv2017[Prodi],$J$63)/$J$65*100% -> 0 | N73: =SUM(J73:M73) -> 1 | P73: C1 | Q73: =COUNTIFS(TblUniv2017[C1],Q$66,TblUniv2017[Prodi],$Q$63)/$Q$65*100% -> 0.55882353 | R73: =COUNTIFS(TblUniv2017[C1],R$66,TblUniv2017[Prodi],$Q$63)/$Q$65*100% -> 0.41176471 | S73: =COUNTIFS(TblUniv2017[C1],S$66,TblUniv2017[Prodi],$Q$63)/$Q$65*100% -> 0.029411765 | T73: =COUNTIFS(TblUniv2017[C1],T$66,TblUniv2017[Prodi],$Q$63)/$Q$65*100% -> 0 | U73: =SUM(Q73:T73) -> 1 | W73: C1 | X73: =COUNTIFS(TblUniv2017[C1],X$66,TblUniv2017[Prodi],$X$63)/$X$65*100% -> 0 | Y73: =COUNTIFS(TblUniv2017[C1],Y$66,TblUniv2017[Prodi],$X$63)/$X$65*100% -> 1 | Z73: =COUNTIFS(TblUniv2017[C1],Z$66,TblUniv2017[Prodi],$X$63)/$X$65*100% -> 0 | AA73: =COUNTIFS(TblUniv2017[C1],AA$66,TblUniv2017[Prodi],$X$63)/$X$65*100% -> 0 | AB73: =SUM(X73:AA73) -> 1 | AD73: C1 | AE73: =COUNTIFS(TblUniv2017[C1],AE$66,TblUniv2017[Prodi],$AE$63)/$AE$65*100% -> 0 | AF73: =COUNTIFS(TblUniv2017[C1],AF$66,TblUniv2017[Prodi],$AE$63)/$AE$65*100% -> 1 | AG73: =COUNTIFS(TblUniv2017[C1],AG$66,TblUniv2017[Prodi],$AE$63)/$AE$65*100% -> 0 | AH73: =COUNTIFS(TblUniv2017[C1],AH$66,TblUniv2017[Prodi],$AE$63)/$AE$65*100% -> 0 | AI73: =SUM(AE73:AH73) -> 1 | AK73: C1 | AL73: =COUNTIFS(TblUniv2017[C1],AL$66,TblUniv2017[Prodi],$AL$63)/$AL$65*100% -> 0 | AM73: =COUNTIFS(TblUniv2017[C1],AM$66,TblUniv2017[Prodi],$AL$63)/$AL$65*100% -> 0 | AN73: =COUNTIFS(TblUniv2017[C1],AN$66,TblUniv2017[Prodi],$AL$63)/$AL$65*100% -> 1 | AO73: =COUNTIFS(TblUniv2017[C1],AO$66,TblUniv2017[Prodi],$AL$63)/$AL$65*100% -> 0 | AP73: =SUM(AL73:AO73) -> 1 | AR73: C1 | AS73: =COUNTIFS(TblUniv2017[C1],AS$66,TblUniv2017[Prodi],$AS$63)/$AS$65*100% -> 0.5 | AT73: =COUNTIFS(TblUniv2017[C1],AT$66,TblUniv2017[Prodi],$AS$63)/$AS$65*100% -> 0.5 | AU73: =COUNTIFS(TblUniv2017[C1],AU$66,TblUniv2017[Prodi],$AS$63)/$AS$65*100% -> 0 | AV73: =COUNTIFS(TblUniv2017[C1],AV$66,TblUniv2017[Prodi],$AS$63)/$AS$65*100% -> 0 | AW73: =SUM(AS73:AV73) -> 1
B74: C2 | C74: =COUNTIFS(TblUniv2017[C2],C$66)/$C$65*100% -> 0.55357143 | D74: =COUNTIFS(TblUniv2017[C2],D$66)/$C$65*100% -> 0.35714286 | E74: =COUNTIFS(TblUniv2017[C2],E$66)/$C$65*100% -> 0.089285714 | F74: =COUNTIFS(TblUniv2017[C2],F$66)/$C$65*100% -> 0 | G74: =SUM(C74:F74) -> 1 | I74: C2 | J74: =COUNTIFS(TblUniv2017[C2],J$66,TblUniv2017[Prodi],$J$63)/$J$65*100% -> 0.875 | K74: =COUNTIFS(TblUniv2017[C2],K$66,TblUniv2017[Prodi],$J$63)/$J$65*100% -> 0.125 | L74: =COUNTIFS(TblUniv2017[C2],L$66,TblUniv2017[Prodi],$J$63)/$J$65*100% -> 0 | M74: =COUNTIFS(TblUniv2017[C2],M$66,TblUniv2017[Prodi],$J$63)/$J$65*100% -> 0 | N74: =SUM(J74:M74) -> 1 | P74: C2 | Q74: =COUNTIFS(TblUniv2017[C2],Q$66,TblUniv2017[Prodi],$Q$63)/$Q$65*100% -> 0.44117647 | R74: =COUNTIFS(TblUniv2017[C2],R$66,TblUniv2017[Prodi],$Q$63)/$Q$65*100% -> 0.41176471 | S74: =COUNTIFS(TblUniv2017[C2],S$66,TblUniv2017[Prodi],$Q$63)/$Q$65*100% -> 0.14705882 | T74: =COUNTIFS(TblUniv2017[C2],T$66,TblUniv2017[Prodi],$Q$63)/$Q$65*100% -> 0 | U74: =SUM(Q74:T74) -> 1 | W74: C2 | X74: =COUNTIFS(TblUniv2017[C2],X$66,TblUniv2017[Prodi],$X$63)/$X$65*100% -> 0.8 | Y74: =COUNTIFS(TblUniv2017[C2],Y$66,TblUniv2017[Prodi],$X$63)/$X$65*100% -> 0.2 | Z74: =COUNTIFS(TblUniv2017[C2],Z$66,TblUniv2017[Prodi],$X$63)/$X$65*100% -> 0 | AA74: =COUNTIFS(TblUniv2017[C2],AA$66,TblUniv2017[Prodi],$X$63)/$X$65*100% -> 0 | AB74: =SUM(X74:AA74) -> 1 | AD74: C2 | AE74: =COUNTIFS(TblUniv2017[C2],AE$66,TblUniv2017[Prodi],$AE$63)/$AE$65*100% -> 0 | AF74: =COUNTIFS(TblUniv2017[C2],AF$66,TblUniv2017[Prodi],$AE$63)/$AE$65*100% -> 1 | AG74: =COUNTIFS(TblUniv2017[C2],AG$66,TblUniv2017[Prodi],$AE$63)/$AE$65*100% -> 0 | AH74: =COUNTIFS(TblUniv2017[C2],AH$66,TblUniv2017[Prodi],$AE$63)/$AE$65*100% -> 0 | AI74: =SUM(AE74:AH74) -> 1 | AK74: C2 | AL74: =COUNTIFS(TblUniv2017[C2],AL$66,TblUniv2017[Prodi],$AL$63)/$AL$65*100% -> 1 | AM74: =COUNTIFS(TblUniv2017[C2],AM$66,TblUniv2017[Prodi],$AL$63)/$AL$65*100% -> 0 | AN74: =COUNTIFS(TblUniv2017[C2],AN$66,TblUniv2017[Prodi],$AL$63)/$AL$65*100% -> 0 | AO74: =COUNTIFS(TblUniv2017[C2],AO$66,TblUniv2017[Prodi],$AL$63)/$AL$65*100% -> 0 | AP74: =SUM(AL74:AO74) -> 1 | AR74: C2 | AS74: =COUNTIFS(TblUniv2017[C2],AS$66,TblUniv2017[Prodi],$AS$63)/$AS$65*100% -> 0.5 | AT74: =COUNTIFS(TblUniv2017[C2],AT$66,TblUniv2017[Prodi],$AS$63)/$AS$65*100% -> 0.5 | AU74: =COUNTIFS(TblUniv2017[C2],AU$66,TblUniv2017[Prodi],$AS$63)/$AS$65*100% -> 0 | AV74: =COUNTIFS(TblUniv2017[C2],AV$66,TblUniv2017[Prodi],$AS$63)/$AS$65*100% -> 0 | AW74: =SUM(AS74:AV74) -> 1
C75: =AVERAGE(C73:C74) -> 0.52678571 | D75: =AVERAGE(D73:D74) -> 0.40178571 | E75: =AVERAGE(E73:E74) -> 0.071428571 | F75: =AVERAGE(F73:F74) -> 0 | G75: =SUM(C75:F75) -> 1 | J75: =AVERAGE(J73:J74) -> 0.8125 | K75: =AVERAGE(K73:K74) -> 0.1875 | L75: =AVERAGE(L73:L74) -> 0 | M75: =AVERAGE(M73:M74) -> 0 | N75: =SUM(J75:M75) -> 1 | Q75: =AVERAGE(Q73:Q74) -> 0.5 | R75: =AVERAGE(R73:R74) -> 0.41176471 | S75: =AVERAGE(S73:S74) -> 0.088235294 | T75: =AVERAGE(T73:T74) -> 0 | U75: =SUM(Q75:T75) -> 1 | X75: =AVERAGE(X73:X74) -> 0.4 | Y75: =AVERAGE(Y73:Y74) -> 0.6 | Z75: =AVERAGE(Z73:Z74) -> 0 | AA75: =AVERAGE(AA73:AA74) -> 0 | AB75: =SUM(X75:AA75) -> 1 | AE75: =AVERAGE(AE73:AE74) -> 0 | AF75: =AVERAGE(AF73:AF74) -> 1 | AG75: =AVERAGE(AG73:AG74) -> 0 | AH75: =AVERAGE(AH73:AH74) -> 0 | AI75: =SUM(AE75:AH75) -> 1 | AL75: =AVERAGE(AL73:AL74) -> 0.5 | AM75: =AVERAGE(AM73:AM74) -> 0 | AN75: =AVERAGE(AN73:AN74) -> 0.5 | AO75: =AVERAGE(AO73:AO74) -> 0 | AP75: =SUM(AL75:AO75) -> 1 | AS75: =AVERAGE(AS73:AS74) -> 0.5 | AT75: =AVERAGE(AT73:AT74) -> 0.5 | AU75: =AVERAGE(AU73:AU74) -> 0 | AV75: =AVERAGE(AV73:AV74) -> 0 | AW75: =SUM(AS75:AV75) -> 1
B76: D1 | C76: =COUNTIFS(TblUniv2017[D1],C$66)/$C$65*100% -> 0.089285714 | D76: =COUNTIFS(TblUniv2017[D1],D$66)/$C$65*100% -> 0.67857143 | E76: =COUNTIFS(TblUniv2017[D1],E$66)/$C$65*100% -> 0.21428571 | F76: =COUNTIFS(TblUniv2017[D1],F$66)/$C$65*100% -> 0.017857143 | G76: =SUM(C76:F76) -> 1 | I76: D1 | J76: =COUNTIFS(TblUniv2017[D1],J$66,TblUniv2017[Prodi],$J$63)/$J$65*100% -> 0 | K76: =COUNTIFS(TblUniv2017[D1],K$66,TblUniv2017[Prodi],$J$63)/$J$65*100% -> 1 | L76: =COUNTIFS(TblUniv2017[D1],L$66,TblUniv2017[Prodi],$J$63)/$J$65*100% -> 0 | M76: =COUNTIFS(TblUniv2017[D1],M$66,TblUniv2017[Prodi],$J$63)/$J$65*100% -> 0 | N76: =SUM(J76:M76) -> 1 | P76: D1 | Q76: =COUNTIFS(TblUniv2017[D1],Q$66,TblUniv2017[Prodi],$Q$63)/$Q$65*100% -> 0.058823529 | R76: =COUNTIFS(TblUniv2017[D1],R$66,TblUniv2017[Prodi],$Q$63)/$Q$65*100% -> 0.61764706 | S76: =COUNTIFS(TblUniv2017[D1],S$66,TblUniv2017[Prodi],$Q$63)/$Q$65*100% -> 0.29411765 | T76: =COUNTIFS(TblUniv2017[D1],T$66,TblUniv2017[Prodi],$Q$63)/$Q$65*100% -> 0.029411765 | U76: =SUM(Q76:T76) -> 1 | W76: D1 | X76: =COUNTIFS(TblUniv2017[D1],X$66,TblUniv2017[Prodi],$X$63)/$X$65*100% -> 0.2 | Y76: =COUNTIFS(TblUniv2017[D1],Y$66,TblUniv2017[Prodi],$X$63)/$X$65*100% -> 0.8 | Z76: =COUNTIFS(TblUniv2017[D1],Z$66,TblUniv2017[Prodi],$X$63)/$X$65*100% -> 0 | AA76: =COUNTIFS(TblUniv2017[D1],AA$66,TblUniv2017[Prodi],$X$63)/$X$65*100% -> 0 | AB76: =SUM(X76:AA76) -> 1 | AD76: D1 | AE76: =COUNTIFS(TblUniv2017[D1],AE$66,TblUniv2017[Prodi],$AE$63)/$AE$65*100% -> 0 | AF76: =COUNTIFS(TblUniv2017[D1],AF$66,TblUniv2017[Prodi],$AE$63)/$AE$65*100% -> 0 | AG76: =COUNTIFS(TblUniv2017[D1],AG$66,TblUniv2017[Prodi],$AE$63)/$AE$65*100% -> 1 | AH76: =COUNTIFS(TblUniv2017[D1],AH$66,TblUniv2017[Prodi],$AE$63)/$AE$65*100% -> 0 | AI76: =SUM(AE76:AH76) -> 1 | AK76: D1 | AL76: =COUNTIFS(TblUniv2017[D1],AL$66,TblUniv2017[Prodi],$AL$63)/$AL$65*100% -> 1 | AM76: =COUNTIFS(TblUniv2017[D1],AM$66,TblUniv2017[Prodi],$AL$63)/$AL$65*100% -> 0 | AN76: =COUNTIFS(TblUniv2017[D1],AN$66,TblUniv2017[Prodi],$AL$63)/$AL$65*100% -> 0 | AO76: =COUNTIFS(TblUniv2017[D1],AO$66,TblUniv2017[Prodi],$AL$63)/$AL$65*100% -> 0 | AP76: =SUM(AL76:AO76) -> 1 | AR76: D1 | AS76: =COUNTIFS(TblUniv2017[D1],AS$66,TblUniv2017[Prodi],$AS$63)/$AS$65*100% -> 0 | AT76: =COUNTIFS(TblUniv2017[D1],AT$66,TblUniv2017[Prodi],$AS$63)/$AS$65*100% -> 0.83333333 | AU76: =COUNTIFS(TblUniv2017[D1],AU$66,TblUniv2017[Prodi],$AS$63)/$AS$65*100% -> 0.16666667 | AV76: =COUNTIFS(TblUniv2017[D1],AV$66,TblUniv2017[Prodi],$AS$63)/$AS$65*100% -> 0 | AW76: =SUM(AS76:AV76) -> 1
B77: D2 | C77: =COUNTIFS(TblUniv2017[D2],C$66)/$C$65*100% -> 0.089285714 | D77: =COUNTIFS(TblUniv2017[D2],D$66)/$C$65*100% -> 0.75 | E77: =COUNTIFS(TblUniv2017[D2],E$66)/$C$65*100% -> 0.14285714 | F77: =COUNTIFS(TblUniv2017[D2],F$66)/$C$65*100% -> 0.017857143 | G77: =SUM(C77:F77) -> 1 | I77: D2 | J77: =COUNTIFS(TblUniv2017[D2],J$66,TblUniv2017[Prodi],$J$63)/$J$65*100% -> 0 | K77: =COUNTIFS(TblUniv2017[D2],K$66,TblUniv2017[Prodi],$J$63)/$J$65*100% -> 1 | L77: =COUNTIFS(TblUniv2017[D2],L$66,TblUniv2017[Prodi],$J$63)/$J$65*100% -> 0 | M77: =COUNTIFS(TblUniv2017[D2],M$66,TblUniv2017[Prodi],$J$63)/$J$65*100% -> 0 | N77: =SUM(J77:M77) -> 1 | P77: D2 | Q77: =COUNTIFS(TblUniv2017[D2],Q$66,TblUniv2017[Prodi],$Q$63)/$Q$65*100% -> 0.058823529 | R77: =COUNTIFS(TblUniv2017[D2],R$66,TblUniv2017[Prodi],$Q$63)/$Q$65*100% -> 0.70588235 | S77: =COUNTIFS(TblUniv2017[D2],S$66,TblUniv2017[Prodi],$Q$63)/$Q$65*100% -> 0.20588235 | T77: =COUNTIFS(TblUniv2017[D2],T$66,TblUniv2017[Prodi],$Q$63)/$Q$65*100% -> 0.029411765 | U77: =SUM(Q77:T77) -> 1 | W77: D2 | X77: =COUNTIFS(TblUniv2017[D2],X$66,TblUniv2017[Prodi],$X$63)/$X$65*100% -> 0.2 | Y77: =COUNTIFS(TblUniv2017[D2],Y$66,TblUniv2017[Prodi],$X$63)/$X$65*100% -> 0.8 | Z77: =COUNTIFS(TblUniv2017[D2],Z$66,TblUniv2017[Prodi],$X$63)/$X$65*100% -> 0 | AA77: =COUNTIFS(TblUniv2017[D2],AA$66,TblUniv2017[Prodi],$X$63)/$X$65*100% -> 0 | AB77: =SUM(X77:AA77) -> 1 | AD77: D2 | AE77: =COUNTIFS(TblUniv2017[D2],AE$66,TblUniv2017[Prodi],$AE$63)/$AE$65*100% -> 0 | AF77: =COUNTIFS(TblUniv2017[D2],AF$66,TblUniv2017[Prodi],$AE$63)/$AE$65*100% -> 1 | AG77: =COUNTIFS(TblUniv2017[D2],AG$66,TblUniv2017[Prodi],$AE$63)/$AE$65*100% -> 0 | AH77: =COUNTIFS(TblUniv2017[D2],AH$66,TblUniv2017[Prodi],$AE$63)/$AE$65*100% -> 0 | AI77: =SUM(AE77:AH77) -> 1 | AK77: D2 | AL77: =COUNTIFS(TblUniv2017[D2],AL$66,TblUniv2017[Prodi],$AL$63)/$AL$65*100% -> 1 | AM77: =COUNTIFS(TblUniv2017[D2],AM$66,TblUniv2017[Prodi],$AL$63)/$AL$65*100% -> 0 | AN77: =COUNTIFS(TblUniv2017[D2],AN$66,TblUniv2017[Prodi],$AL$63)/$AL$65*100% -> 0 | AO77: =COUNTIFS(TblUniv2017[D2],AO$66,TblUniv2017[Prodi],$AL$63)/$AL$65*100% -> 0 | AP77: =SUM(AL77:AO77) -> 1 | AR77: D2 | AS77: =COUNTIFS(TblUniv2017[D2],AS$66,TblUniv2017[Prodi],$AS$63)/$AS$65*100% -> 0 | AT77: =COUNTIFS(TblUniv2017[D2],AT$66,TblUniv2017[Prodi],$AS$63)/$AS$65*100% -> 0.83333333 | AU77: =COUNTIFS(TblUniv2017[D2],AU$66,TblUniv2017[Prodi],$AS$63)/$AS$65*100% -> 0.16666667 | AV77: =COUNTIFS(TblUniv2017[D2],AV$66,TblUniv2017[Prodi],$AS$63)/$AS$65*100% -> 0 | AW77: =SUM(AS77:AV77) -> 1
